Date,Price,Volume,Index,Spreads,Hash,GT,GD,ABT
20180201,9503.895,358.4,30,0.085168873,20771929.65,39,1341.1,543.35
20180202,8467.065,519.4,15,0.10284594,21660135.53,39,1345,515.0178571
20180203,8849.525,248.71,40,0.079628756,20679312.26,39,1603.37,539.0443038
20180204,8645.41,280.94,24,0.078163495,23111856.08,46,1415.98,490.2921348
20180205,7509.3,593.89,11,0.106292298,24154241.25,46,1337.1,463.4432432
20180206,6950.37,886.88,8,0.125184855,22166651.46,46,1344.65,509.5470588
20180207,7890.77,445.62,36,0.093739416,20180358.83,46,1328.5,615.8297872
20180208,8117.21,296.1,30,0.081298184,18789358.23,46,1311.05,657.9160305
20180209,8259.28,233.94,44,0.075221318,19374750.14,46,1316.05,643.2666667
20180210,8628.87,263.53,54,0.076502869,20378716.28,46,1410.28,603.993007
20180211,8217.83,236.2,31,0.080788137,21622570.36,27,1354.83,569.7218543
20180212,8540.875,238.67,42,0.06963061,23820146.99,27,1321.7,523.8614458
20180213,8667.25,195.87,35,0.073878933,24067508.43,27,1329.4,511.8170732
20180214,9025.6,246.88,55,0.052857915,25756515.77,27,1330.75,497.0055866
20180215,9793.48,291.28,71,0.054309533,19244657.11,27,1353.7,658.8931298
20180216,10011.76,206.44,67,0.056939975,23016593.35,27,1358.6,546.3566879
20180217,10596.76,224.76,74,0.055424044,21344736.07,27,1564.23,581.5503356
20180218,10724.675,288.91,63,0.065804903,23433667.62,23,1898.18,529.7777778
20180219,10801.14,215.2,67,0.06190012,23330802.73,23,1347.4,539.3703704
20180220,11466.59,267.56,74,0.054206196,21156067.71,23,1337.4,608.212766
20180221,10775.895,327.14,54,0.059562791,25329357.42,23,1328.6,513.4497041
20180222,10349.38,316.63,44,0.056373406,22434943.17,23,1323.5,576.4832215
20180223,10012.335,271.5,39,0.055512269,22212710.07,23,1328.9,585.2905405
20180224,9962.27,239.16,31,0.053178557,21713665.78,23,1529.6,599.9448276
20180225,9601.615,196.49,33,0.052462516,25665349.13,19,1545.07,503.4912281
20180226,9934.665,235.94,37,0.049389872,21133205.75,19,1339.05,609.7234043
20180227,10516.81,202.58,44,0.047647383,23959003.73,19,1332.75,544.175
20180228,10685.45,215.22,41,0.04635393,23194211.41,19,1320.3,557.0967742
20180301,10668.93,188.77,38,0.046798431,24705802.5,19,1311.25,524.1636364
20180302,10996.695,201.69,47,0.044841911,23842745.98,19,1316.75,551.9679487
20180303,11286.89,172.2,56,0.041931743,27195753.13,19,1455.43,478.1333333
20180304,11311.9,156.4,44,0.043396622,22143285.64,19,1448.74,587.7905405
20180305,11562.85,162.11,55,0.040194608,23985561.61,19,1326.3,580.3489933
20180306,11015.465,230.65,59,0.045409119,25532022.42,19,1324.95,552.1217949
20180307,10192.215,284.54,37,0.062221043,26281813.31,19,1332.5,549.1783439
20180308,9603.03,256.26,39,0.0568531,26523450.12,19,1325.4,534.2962963
20180309,8913.415,371.46,37,0.063705261,24151648.66,19,1319.35,588.5684932
20180310,9123.025,198.73,39,0.054294776,23115220.79,19,1691.78,615.5428571
20180311,9109.98,266.59,40,0.055716247,25454687.02,19,1739.15,569.3202614
20180312,9351.965,257.91,41,0.051455587,26642559.26,19,1317.25,534.6645963
20180313,9171.385,239.46,41,0.0573579,26098731.83,19,1318.7,542.3481013
20180314,8663.8,305.45,40,0.05745266,23773413.75,19,1324.95,606.5694444
20180315,8065.295,326.53,32,0.056219294,23449035.25,19,1323.35,602.6527778
20180316,8270.37,236.13,33,0.050782758,25644404.8,19,1320.05,548.3076923
20180317,8063.025,208.05,31,0.067408197,24449634.44,19,1365.8,585.4563758
20180318,7809.16,348.02,29,0.0635296,25243525.01,17,1411.52,572.1059603
20180319,8427.63,316.96,29,0.057681709,26878213.94,17,1311.7,552.6129032
20180320,8698.015,253.44,37,0.055312009,21770259.76,17,1312.75,684.4173228
20180321,8981.6,218.19,36,0.052652125,26233002.22,17,1316.35,567.3223684
20180322,8803.94,223.01,36,0.047854348,25473509.04,17,1328.85,606.2237762
20180323,8621.73,210.11,28,0.052579029,22757232.04,17,1342.35,649.7218045
20180324,8775.88,177.43,32,0.051265684,26919425.44,17,1608.35,552.3910256
20180325,8543.105,149.52,30,0.054838411,23975622.9,17,1414.06,621.3703704
20180326,8195.155,247.18,31,0.04846261,25842073.61,17,1348.4,593.1466667
20180327,7989.27,223.1,24,0.054368866,26107955.36,17,1350.65,569.1381579
20180328,7935.195,167.36,24,0.054210373,23709762.74,17,1341.05,629.4148148
20180329,7455.44,348.75,18,0.05384437,26716446.24,17,1323.9,572.5328947
20180330,6937.765,417.31,12,0.068462435,28042356.93,17,1339.92,535.191358
20180331,7017.37,245.3,16,0.060116537,22287428.95,17,1362.33,673.703125
20180401,6759.88,257.53,16,0.062954349,28295818.92,16,1405.94,536.3641975
20180402,7505.48,199.31,11,0.051525603,27610364.16,16,1389.52,551.3717949
20180403,7284.425,230.8,22,0.048246062,28386500.35,16,1336.6,533.7423313
20180404,7084.755,239.51,22,0.049317893,25589139.53,16,1343.15,587
20180405,6768.02,221.7,17,0.057594869,27147620.63,16,1327.05,553.9615385
20180406,6698.1,174.9,19,0.053320627,24007541.36,16,1325.6,625.6811594
20180407,6854.16,177.1,20,0.051879071,31868577.17,16,1601.3,478.4277778
20180408,7021.525,132.51,17,0.051059809,28452623.11,15,1276.57,534.6024845
20180409,6918.985,241.19,21,0.051545499,25710461.81,15,1328.5,591.2653061
20180410,6799.78,134.23,18,0.051330485,28544146.77,15,1335.95,528.304878
20180411,6919.265,142.07,20,0.051359907,28303097.31,15,1345.2,536.6273292
20180412,7421.64,398.3,18,0.0502575,27147635.06,15,1345.9,554.025974
20180413,7997.98,296.95,23,0.05359054,28927199.58,15,1340.75,527.4606061
20180414,8018.265,164.71,23,0.052552624,26354472.91,15,1307.01,619.7737226
20180415,8229.035,160.26,24,0.051827547,31258708.44,14,1347.35,542.404908
20180416,8180.085,197.7,25,0.05523255,27159253.1,14,1344.4,611.6737589
20180417,8022.86,162.59,26,0.047319993,31145568.09,14,1342.95,531.1358025
20180418,8077.745,163.26,24,0.048165266,30831368.46,14,1346.55,541.71875
20180419,8228.715,155.08,25,0.049691958,33960695.72,14,1347.9,485.505618
20180420,8594.315,225.96,26,0.048098786,26060435.43,14,1340.15,632.2627737
20180421,8839.5,206.01,32,0.049044773,30658731.49,14,1603.37,536.572327
20180422,8916.21,161.89,31,0.052334183,31578507.51,14,1516.13,546.8625
20180423,8914.965,147.54,28,0.044757515,29260338.07,14,1328,564.2026144
20180424,9349.795,260.79,29,0.041568768,30628456.25,14,1327.35,539.2138365
20180425,9261.145,395.67,64,0.051365469,24284159.53,14,1325.7,686.4552846
20180426,8992.255,248.39,47,0.049993026,27268969.31,14,1321.9,621.4255319
20180427,9154.675,184.91,55,0.043750661,27994143.15,14,1317.7,618.8098592
20180428,9164.21,199.78,54,0.050514092,26941200.19,14,1571.19,675.453125
20180429,9370.87,184.72,61,0.041383691,31592416.69,12,1621.15,545.4873418
20180430,9296.705,156.83,59,0.043442211,31100684.58,12,1316.25,554.916129
20180501,9051.38,173.35,56,0.039431903,31602356.04,12,1309.2,548.9240506
20180502,9132.72,137.48,52,0.035361793,28000363.44,12,1310.75,616.35
20180503,9494.735,201.18,55,0.044384847,30126285.09,12,1313.3,574.7350993
20180504,9666.18,161.55,56,0.047977949,27773992.97,12,1309.35,618.0942029
20180505,9827.97,158.45,63,0.045704024,32309377.8,12,1514.22,543.6397516
20180506,9689.445,150.95,67,0.051803721,27379755.83,12,1679.41,626.4525547
20180507,9432.18,165.08,56,0.049604461,30055433.78,12,1627.88,579.6866667
20180508,9267.58,157.45,62,0.044067089,27924943.23,12,1310.05,616.2877698
20180509,9180.365,147.89,53,0.042718914,31900482.23,12,1306.85,544.7375
20180510,9205.54,152.71,63,0.043813699,30878516.54,12,1314.8,557.474026
20180511,8697.885,270.62,41,0.052953388,26015765.73,12,1324.8,683.7322835
20180512,8439.885,210.87,44,0.06083492,34124943.23,12,1359.68,520.7151515
20180513,8562.435,149.8,40,0.058377438,30987195.6,11,1414.06,584.5337838
20180514,8597.86,212.05,40,0.06127931,27178266.28,11,1320.7,657.8484848
20180515,8644.97,179.62,40,0.057926471,30001677.17,11,1310.05,590.7260274
20180516,8310.41,188.03,32,0.055664086,37395679.8,11,1291.75,474.9608939
20180517,8246.11,154.36,31,0.052874046,27361664,11,1288.85,657.9393939
20180518,8110.4,150.32,37,0.059799414,30665399.76,11,1287.2,586.1013514
20180519,8279.035,107.89,31,0.062481837,31701905.17,11,1408.04,564.9480519
20180520,8386.455,113.76,32,0.065124945,29913361.48,11,1431.4,601.1736111
20180521,8466.865,115.52,41,0.055557856,32327274.69,11,1285.85,548.2738854
20180522,8195.515,137.51,30,0.051248007,31265571.8,11,1293.9,569.0728477
20180523,7746.145,237.6,26,0.059265822,33577649.19,11,1294,534.0432099
20180524,7506.625,211.11,27,0.058298635,30327447.72,11,1296.35,606.7832168
20180525,7500.165,161.82,25,0.067685097,37805231.05,11,1303.95,488.6761364
20180526,7470.7,103.07,23,0.057903218,34798287.29,11,1390.15,536.1296296
20180527,7338.37,103.29,19,0.066131351,35054034.52,10,1421.95,528.1036585
20180528,7274.23,152.29,22,0.059907297,34138067.76,10,1424.32,539.4358974
20180529,7301.02,186.97,16,0.059003422,29724300.42,10,1302.05,636.9352518
20180530,7433.43,140.37,38,0.065740047,38138361.45,10,1298.6,491.5632184
20180531,7479.195,144.52,25,0.053711147,36742478.95,10,1303.5,513.7764706
20180601,7492.465,135.92,24,0.051710217,35829881.06,10,1299.15,520.4638554
20180602,7582.565,121.18,27,0.054561568,32472991.88,10,1308.38,566.6907895
20180603,7690.86,116.68,40,0.050054332,35167282.29,9,1424.48,531.5092025
20180604,7614.97,141.01,41,0.048035276,39230849.1,9,1294.65,472.0382514
20180605,7533.835,145.23,26,0.048560593,38431923.47,9,1292.25,491.6457143
20180606,7603.165,130.66,42,0.046882517,36135861.5,9,1295.25,588.4557823
20180607,7703.525,124,38,0.047080091,35156909.52,9,1298.3,606.6363636
20180608,7634.555,112.88,40,0.068984753,35903416.68,9,1299.2,594.7034483
20180609,7593.73,97.56,39,0.064849086,35339981.92,9,1308.38,599.5664336
20180610,7088.01,275.69,24,0.088918579,31355070.23,12,1415.37,684.0551181
20180611,6783.37,174.88,15,0.078262581,34756823.39,12,1296.05,613.1142857
20180612,6675.47,178.26,19,0.079192298,35730868.69,12,1298.3,601.4413793
20180613,6381.815,237.48,19,0.085376214,35353250.01,12,1294.4,599.4965035
20180614,6502.835,201.54,17,0.075495949,37799011.12,12,1305.3,563.6666667
20180615,6523.96,143.53,26,0.074893099,37939954.33,12,1300.1,567.3202614
20180616,6457.57,108.79,22,0.073843619,41090086.65,12,1204.14,523.0301205
20180617,6516.075,90.67,23,0.064698046,39194708.45,10,1255.28,544.6687898
20180618,6601.72,135.7,27,0.063608043,40511677.7,10,1281.25,532.3414634
20180619,6755.9,120.54,32,0.065942874,38614092.21,10,1279,558.2322581
20180620,6693.93,121.48,34,0.060794018,39662993.09,10,1273.25,553.2193548
20180621,6738.87,99.29,37,0.055830427,42953544.19,10,1263.7,509.3941176
20180622,6336.415,278.22,28,0.077522269,38260899.28,10,1269.7,573.8807947
20180623,6145.54,142.9,17,0.081450582,41106102.64,10,1306.04,541.1125
20180624,6018.075,240.6,15,0.078858467,43680648.63,11,1245.89,497.0116959
20180625,6219.85,210.69,16,0.065695361,40021175.21,11,1269.8,559.6242038
20180626,6176.925,176.66,21,0.063858269,36798735.99,11,1257.15,590.4794521
20180627,6106.9,133.42,18,0.067872971,30346062.85,11,1256.8,714.3801653
20180628,6008.245,156.05,20,0.055679866,40449919.13,11,1250.5,540.910828
20180629,6049.845,206.96,16,0.061999791,38475562.46,11,1250.55,580.2649007
20180630,6348.92,189.33,22,0.066283497,36097340.03,11,1293.65,611.6241135
20180701,6346.11,128.51,27,0.076457252,37208403.36,10,1220.26,591.4965986
20180702,6105.785,179.92,27,0.062217891,36872734.38,10,1249,601.0070922
20180703,6571.89,150.19,31,0.047753963,31720903.67,10,1245.85,737.2672414
20180704,6594.55,143.04,33,0.05510107,35771047.55,10,1256.9,659.1268657
20180705,6569.775,166.18,37,0.045045895,36581757.12,10,1252.5,630.9708029
20180706,6545.79,132.69,34,0.043679969,43156892.64,10,1254.2,536.675
20180707,6666.325,114.57,34,0.04472363,41829197.96,10,1316.55,560.8910256
20180708,6733.5,267.6,38,0.043690343,42354540.79,9,1331.85,543.6772152
20180709,6714.34,289.48,39,0.037375919,36717053.91,9,1262.6,630.4411765
20180710,6480.42,315.27,37,0.043852578,39647532.26,9,1253.7,586.1610738
20180711,6349.635,243.82,29,0.041877273,35980772.08,9,1250,640.4814815
20180712,6239.465,289.24,33,0.037979864,38594108.86,9,1244.85,598.2765957
20180713,6240.375,233.22,29,0.036102315,38845163.97,9,1240.5,615.2377622
20180714,6261.32,243.71,29,0.042299798,35367070.39,9,1316.4,653.9699248
20180715,6323.625,180.67,32,0.043318278,36112590.85,11,1268.91,644.4285714
20180716,6555.835,312.12,36,0.036299119,32265598.03,11,1244.9,719.45
20180717,7076.9,337.75,39,0.044085419,41285720.15,11,1243.65,545.9559748
20180718,7422.18,333.32,42,0.061446932,44850508.87,11,1223.45,497.4425287
20180719,7426.8,247.25,44,0.054846336,43942658.62,11,1217.4,506.2631579
20180720,7477.945,258.85,47,0.059742684,39708522.66,11,1224.85,558.4350649
20180721,7336.72,160.77,43,0.063329899,35555765.57,11,1421.95,630.2116788
20180722,7457.265,204.16,46,0.061805072,47881093.49,12,1409.14,473.6868132
20180723,7587.625,272.15,44,0.056288285,42636353.63,12,1229.45,523.1807229
20180724,8088.935,345.32,49,0.06025618,41189784.39,12,1224.3,539.572327
20180725,8271.09,269.23,54,0.058687654,45776594.16,12,1230.55,489.0282486
20180726,8082.455,235.45,53,0.055639045,42296381.72,12,1228.35,528.1272727
20180727,8042.13,243.22,47,0.056327755,43188277.1,12,1219.15,514.3952096
20180728,8154.04,147.14,54,0.056159842,37403714.76,12,1469.13,596.2482759
20180729,8207.54,155.24,54,0.053153688,47467539.56,10,1321.99,508.4117647
20180730,8070.525,242.21,53,0.047463603,40336854.23,10,1222.05,642.6343284
20180731,7919.985,266.94,48,0.042656136,43606714.96,10,1219.2,589.0408163
20180801,7605.025,237.69,39,0.043138624,44536059.64,10,1222.75,575.7066667
20180802,7592.09,216.34,39,0.048395519,45239605.83,10,1217.6,567.5686275
20180803,7419.625,226.46,36,0.041226759,49493296.22,10,1207.7,516.2289157
20180804,7215.52,222.57,31,0.044104073,53543175.14,10,1479.56,484.4375
20180805,6995.42,177.64,23,0.037190988,47594648.7,11,1403.84,552.23125
20180806,7007.595,168.87,25,0.035907703,38739598.15,11,1212,656.2900763
20180807,6917.94,232.48,25,0.035380558,45641666.16,11,1215.4,571.1788079
20180808,6428.51,311.54,23,0.042901978,46837647.61,11,1212.35,550.9681529
20180809,6413.125,237.66,19,0.044223569,44031139.76,11,1215.5,580.8657718
20180810,6304.025,298.82,21,0.163233426,51948928.48,11,1211.65,492.5681818
20180811,6251.405,247.34,18,0.073367031,53071972.72,11,1320.59,502.7058824
20180812,6330.14,216.33,18,0.067181364,49479032.99,11,1221.96,557.8516129
20180813,6351.025,234.09,21,0.058289545,47939925.1,11,1204.4,580.6466667
20180814,6079.185,3660,16,0.060342082,43277697.4,11,1195.3,633.5367647
20180815,6406.85,3740,18,0.056291651,52430086.09,11,1186.7,528.8757764
20180816,6347.7,3500,21,0.051213416,50159259.18,11,1179.65,556.1772152
20180817,6447.585,3200,19,0.046780575,48222133.9,11,1176.7,569.4210526
20180818,6472.3,3150,24,0.057158873,52415347.92,11,1223.87,529.69375
20180819,6445.72,2710,27,0.046730337,46547318.65,9,1287.63,607.3310345
20180820,6392.965,3100,26,0.031933013,47837285.63,9,1188.75,571.9666667
20180821,6383.25,1460,19,0.031736407,47605092.61,9,1194.1,579.0202703
20180822,6577.565,3630,21,0.035556932,51519798.12,9,1196.85,547.30625
20180823,6466.12,2760,18,0.032496884,47112756.01,9,1187.3,580.6375839
20180824,6609.295,3700,19,0.032026029,48436074.28,9,1189.95,577.8835616
20180825,6746.54,3590,22,0.03869553,45123021.27,9,1375.01,652.9555556
20180826,6690.825,3370,19,0.04035032,58205370.07,9,1340.15,501.2196532
20180827,6809.525,3260,18,0.031227014,61659587.14,9,1534.37,466.7837838
20180828,7006.955,3790,19,0.034340576,51912156.44,9,1212.75,562.9150327
20180829,7041.115,4110,19,0.034454924,46386721.82,9,1204.3,622.6043165
20180830,6945.665,3740,22,0.037346718,51382728.32,9,1202.35,560.987013
20180831,6999.905,4210,17,0.033539737,52172772.02,9,1206.85,558.9612903
20180901,7148.805,3520,21,0.037867229,51243033.07,9,1416.36,564.4569536
20180902,7264.545,3900,18,0.038538113,48254902.47,10,1451.12,605.3888889
20180903,7277.735,3870,19,0.037015243,48084182.09,10,1201.7,601.1041667
20180904,7332.205,3920,26,0.032018481,43048125.98,10,1195.75,671.1031746
20180905,7047.745,4550,17,0.033764482,44771305.68,10,1194.7,668.4318182
20180906,6511.15,4020,14,0.043098569,50193410.22,10,1204.3,576.2
20180907,6447.435,3300,17,0.044076876,52693944.12,10,1200.75,569.8223684
20180908,6307.665,3460,18,0.054698044,52458745.27,10,1265.18,571.3066667
20180909,6306.54,2840,13,0.05268451,56750696.57,9,1265.18,533.4846626
20180910,6309.53,3110,15,0.034344823,47998870.92,9,1195.8,630.8222222
20180911,6307.35,3300,18,0.034670038,49203902.63,9,1194,621.8085106
20180912,6283.085,3040,14,0.037087492,58648101.22,9,1197.8,512.6309524
20180913,6435.985,3530,20,0.034547232,51522943.95,9,1206.65,584.8986486
20180914,6492.715,3200,23,0.035370045,46559155.88,9,1206.2,649.9090909
20180915,6523.33,3160,24,0.16349215,48920884.55,9,1253.87,620.8428571
20180916,6464.68,3340,28,0.050368063,49952787.39,9,1210.66,610.4748201
20180917,6377.825,3260,25,0.046818072,46895615.12,9,1196.8,653.4296296
20180918,6315.82,2820,21,0.036257962,49708928.36,9,1199.4,607.9225352
20180919,6326.96,3540,24,0.036380173,54352189.96,9,1203,554.2820513
20180920,6456.63,5180,24,0.03079948,53968948.98,9,1203,560.9350649
20180921,6643.115,7730,31,0.046205197,52032580.01,9,1207.6,596.5
20180922,6733.75,7310,35,0.05080806,55031293.67,9,1331.85,559.9677419
20180923,6716.23,7340,38,0.056065338,53817368.26,8,1349.22,574.1866667
20180924,6637.71,7570,43,0.052938371,54079252.38,8,1198.75,581.7432432
20180925,6458.375,7340,37,0.043701014,60424230.77,8,1199.45,514.8639053
20180926,6463.54,8640,37,0.041809142,49588904.48,8,1198.8,620.3956835
20180927,6584.35,9340,42,0.044552808,51275772.42,8,1196,599.048951
20180928,6675.755,9570,42,0.042804487,55159014.32,8,1183.5,562.5714286
20180929,6554.825,9420,37,0.04808517,54842160.16,8,1210.03,562.8092105
20180930,6642.82,9340,34,0.04963547,59209690.01,8,1285.9,535.1226994
20181001,6586.57,9190,35,0.037694193,56450698.55,8,1185.3,547.8291139
20181002,6548.495,9340,33,0.03547716,49049230.21,8,1192.65,633.9708029
20181003,6483.025,9210,36,0.030849835,51557387.84,8,1203.5,595.8551724
20181004,6554.59,9310,29,0.030448996,54702265.51,8,1199.45,576.1666667
20181005,6615.265,9340,37,0.018692855,48590450.01,8,1201.1,665.0153846
20181006,6600.165,9180,34,0.020044072,46334266.6,8,1306.92,690.088
20181007,6578.755,77.06,29,0.02634037,53328813.47,8,1219.54,601.5915493
20181008,6631.66,119.68,26,0.021865567,49925242.74,8,1194.8,649.0222222
20181009,6623.195,80.79,31,0.019073179,49012509.38,8,1187.4,663.5153846
20181010,6560.54,101.93,28,0.018456164,53515685.91,8,1186.4,597.5
20181011,6376.77,245.28,19,0.029462184,58858858.57,8,1201.1,545.6855346
20181012,6235.21,147.4,13,0.028845561,48745687.25,8,1218.75,655.5151515
20181013,6259.825,94.45,15,0.033809,53853917.31,8,1316.4,611.6241135
20181014,6296.865,99.38,18,0.026659452,41941062.73,8,1233.05,758.9824561
20181015,6739.8,443.33,20,0.041487702,60242772.58,8,1233,530.1604938
20181016,6635.225,155.85,24,0.037712946,50246228.32,8,1228.85,637.1111111
20181017,6550.4,136.71,23,0.032069801,50845952.05,8,1226.75,633.2681159
20181018,6530.66,134.15,26,0.03667299,51133009.38,8,1224.6,623.6014493
20181019,6476.225,121.44,24,0.029571017,52400452.04,8,1228.25,598.7323944
20181020,6520.325,97.77,21,0.038284842,50872901.73,8,1253.87,616.2167832
20181021,6515.93,92.94,21,0.030845059,49667616.92,7,1255.28,626.2028986
20181022,6495.805,101.57,27,0.028976542,55355228.37,7,1222.9,555.1032258
20181023,6467.595,108.86,24,0.026750293,55875982.13,7,1235.6,554.7077922
20181024,6502.04,98.74,23,0.024329293,41335243.06,7,1231.65,774.460177
20181025,6465.1,97.43,25,0.026396858,49173326.61,7,1232.15,626.0145985
20181026,6477.905,97.17,29,0.029894567,51601583.61,7,1236.05,606.4475524
20181027,6462.475,76.72,33,0.026330235,48785456.43,7,1210.66,635.9779412
20181028,6463.99,93.97,35,0.02502644,49940210.25,7,1210.66,620.1571429
20181029,6382.985,160.52,34,0.026337941,52468029.47,7,1230.75,586.7876712
20181030,6313.49,128.21,31,0.027834389,55007956.4,7,1220,563.2337662
20181031,6316.37,129.06,32,0.026242537,58650410.23,7,1217.7,531.803681
20181101,6362.595,124.16,29,0.025239837,56069058.83,7,1223.25,554.7077922
20181102,6396.25,135.87,36,0.023832991,51544735.92,7,1235.5,604.7972028
20181103,6367.525,112.84,36,0.023500819,57709266.79,7,1310.44,540.1801242
20181104,6425.04,128.76,41,0.024876289,45926796.81,8,1294.15,674.5284553
20181105,6441.245,128.51,42,0.022614132,51457960.94,8,1231.6,622.6458333
20181106,6447.685,154.87,42,0.021377481,45819048.76,8,1234.85,675.1328125
20181107,6519.69,170.76,48,0.02534632,47564438.57,8,1235.05,656.0923077
20181108,6490.345,159.3,51,0.028179293,43341731.09,8,1223.45,723.4214876
20181109,6405.21,151.6,47,0.026394827,45570158.91,8,1219.05,680.3543307
20181110,6398.045,115.87,52,0.034543,47104615.54,8,1207.41,657.4732824
20181111,6370.28,127.4,54,0.035459741,52642379.01,10,1310.44,589.369863
20181112,6393.14,130.16,52,0.028277032,50391740.75,10,1207.05,621.4357143
20181113,6352.505,137.6,56,0.027942504,43013275.8,10,1197.55,722.1583333
20181114,5922.815,438.21,49,0.045861116,48005492.64,10,1201.45,641.4592593
20181115,5533.905,375.86,28,0.055101622,45107023.9,10,1210.6,680.496063
20181116,5582.205,224.12,23,0.040931657,46226057.83,10,1215.8,684.8809524
20181117,5563.355,156.51,24,0.043030294,47994490.06,10,1253.42,596.0413793
20181118,5634.65,158.68,26,0.040543484,40499503.57,13,1290.09,702.1219512
20181119,5186.495,478.26,28,0.057905674,41663341.56,13,1223.55,683.9920635
20181120,4560.905,714.08,21,0.092436336,44618162.81,13,1223.1,654.5454545
20181121,4502.565,412.74,15,0.072363906,35015550.5,13,1224,821.8095238
20181122,4468.965,261.85,14,0.058197257,40262489.2,13,1228.25,712.7459016
20181123,4288.335,348.99,12,0.070525435,41962402.67,13,1222.15,679.56
20181124,4086.6,382.72,15,0.077199181,47257347.64,13,1274.21,611.3566434
20181125,3857.985,619.95,9,0.095307209,41837562.69,13,1287.11,683.2125984
20181126,3861.755,571.04,17,0.073693199,37346780.58,13,1226.65,777.6306306
20181127,3746.005,457.27,11,0.066608112,43400746.81,13,1225.05,659.7862595
20181128,4110.755,533.04,14,0.058491562,38760438.81,13,1213.2,732.8389831
20181129,4287.535,414.46,18,0.062962829,35654511.2,13,1226.45,807.7809524
20181130,4123.685,444.52,19,0.064996029,33310081.25,13,1220.45,869.5643564
20181201,4126.135,316.3,13,0.074854145,41210630.76,13,1254.75,690.9112903
20181202,4198.23,298.63,15,0.066170378,37524476.97,11,1292.48,764.4210526
20181203,3977.095,355.1,17,0.060027516,35297948,11,1231.05,752.1754386
20181204,3926.8,326.71,12,0.051074468,39447229.1,11,1239.25,628.7028986
20181205,3840.495,341.6,19,0.053296564,36598826.19,11,1236.15,665.1461538
20181206,3675.675,467.54,13,0.056740815,38210049.32,11,1236.45,642.0222222
20181207,3412.055,639.33,11,0.067196535,32533289.17,11,1241.2,744.5087719
20181208,3448.85,424.4,11,0.082256909,35850446.48,11,1301.26,691.1102362
20181209,3577.54,327.93,14,0.068878197,36985040.05,11,1289.86,676.9375
20181210,3531.13,394.49,19,0.0610026,35464970.58,11,1246.8,696.2822581
20181211,3416.28,418.53,15,0.043860367,35199621.51,11,1248.25,688.088
20181212,3462.925,391.17,14,0.050881383,33478147.44,11,1244.75,722.75
20181213,3383.285,435.89,14,0.047452034,36549446.24,11,1244.45,659.9389313
20181214,3257.105,445.56,10,0.047601203,41791404.8,11,1239.15,581.4246575
20181215,3220.645,332.95,11,0.050924849,42233429.15,11,1263.14,582.409396
20181216,3273.615,335.69,13,0.050716645,32223645.51,11,1263.14,760.0347826
20181217,3439.355,534.78,17,0.042875995,45018540.85,11,1239.1,539.95
20181218,3604.725,698.53,23,0.042380016,36003402.2,11,1248.8,671.3671875
20181219,3831.635,792.4,21,0.046780042,38341157.82,11,1248.6,582.6375839
20181220,3969.17,958.58,27,0.054373215,34674562.36,11,1255,638.5333333
20181221,4039.455,748.76,35,0.054374441,35668333.61,11,1257.6,617.4357143
20181222,3954.785,554.59,28,0.055103085,44646434.47,11,1323.66,494.24
20181223,4045.02,572.21,31,0.065574357,45336899.56,10,1284.94,491.3125
20181224,4154.985,716.29,25,0.0522695,39463290.06,10,1261.25,555.5526316
20181225,3914.73,670.94,33,0.072628223,40471412.43,10,1305.28,555.5597484
20181226,3835.395,567.11,26,0.057921473,39833505.28,10,1282.84,550.9299363
20181227,3755.655,543.44,29,0.056485757,44987752.6,10,1271.1,488.316092
20181228,3818.07,565.24,21,0.046027532,42624642.98,10,1277.25,523.1257485
20181229,3889.26,505.41,24,0.062638626,35454205.01,10,1292.36,624.4275362
20181230,3842.99,519.17,23,0.064435391,45174679.04,9,1282.1,495.3352273
20181231,3802.88,545.83,26,0.060129086,40392996.24,9,1281.65,556.9741935
20190101,3817.845,469.11,24,0.065485148,41826596.74,9,1302.89,575.7449664
20190102,3907.94,554.47,30,0.061515503,42361558.51,9,1287.2,574.9006623
20190103,3872.14,450.32,33,0.054520861,43529916.42,9,1287.95,559.4322581
20190104,3842.765,488.7,48,0.053644057,41786468.26,9,1290.35,579.7852349
20190105,3884.025,468.45,36,0.060259652,46904866.92,9,1292.93,514.3619632
20190106,3987.125,529.89,31,0.057162533,39548562.59,9,1294.84,626.1914894
20190107,4066.985,500.88,39,0.045538509,39132613.93,9,1291.5,618.1134752
20190108,4073.25,514.08,39,0.039541052,47709037.26,9,1283.9,509.4319527
20190109,4052.955,473.42,42,0.038870107,45871308.73,9,1281.3,525.9268293
20190110,3858.08,697.31,37,0.04649694,43320877.91,9,1292.4,556.5769231
20190111,3673.05,551.64,19,0.042122881,41195175.49,9,1292.8,583.1216216
20190112,3651.66,435.06,22,0.044041517,38468279.8,9,1293.07,623.8768116
20190113,3601.72,452.79,21,0.038783495,39343881.48,8,1293.79,633.4087591
20190114,3646.705,539.93,16,0.032517653,43646215.56,8,1293.7,576
20190115,3657.395,544.85,27,0.032469182,38793183.22,8,1289.35,652.4621212
20190116,3657.875,487.34,24,0.031530131,39086108.32,8,1290.5,648.8571429
20190117,3641.1,525.1,28,0.028361469,37302036.87,8,1294,681.3307087
20190118,3652.915,488.16,29,0.024856844,40539092.9,8,1285.05,628.5797101
20190119,3721.315,537.06,31,0.033845827,38857097.93,8,1263.48,651.3759398
20190120,3641.95,563.31,35,0.030411077,45828604.92,7,1295.3,550.0254777
20190121,3567.51,394.17,30,0.030549803,43712740.09,7,1278.7,577.1733333
20190122,3554.73,447.7,27,0.025720196,39338591.14,7,1284.75,662.8769231
20190123,3587.555,445.87,33,0.022295563,43036349.24,7,1284.9,587.6232877
20190124,3581.415,428.6,37,0.021632998,47441409.45,7,1279.75,535.8395062
20190125,3573.42,448.89,35,0.022614038,40091720.3,7,1282.95,630.5217391
20190126,3627.51,432.55,41,0.020092199,44106488.59,7,1301.49,575.6
20190127,3558.64,464.02,39,0.02020944,40299811.83,7,1289.16,629.0510949
20190128,3485.06,620.85,35,0.025566601,42000616.68,7,1301,594.9931034
20190129,3416.195,585.46,21,0.025905404,42408751.97,7,1308.35,592.9863014
20190130,3442.425,600.25,22,0.027099688,39051366.61,7,1312.95,636.7426471
20190131,3461.305,477.07,17,0.024073256,45575836.74,7,1322.5,548.4451613
20190201,3438.755,481.58,23,0.023606243,45775306.84,7,1320.75,555.8164557
20190202,3480.175,443.6,22,0.02969628,41518932.14,7,1298.44,598.1666667
20190203,3469.425,451.66,19,0.025385594,40303070.38,8,1298.44,622.7028986
20190204,3450.005,503.92,27,0.021098471,43473057.71,8,1311,588.6190476
20190205,3431.775,460.95,21,0.021336791,42697225.82,8,1314,590.3129252
20190206,3410.785,514.21,14,0.027840295,47475905.96,8,1313.35,526.0365854
20190207,3387.82,471.36,18,0.027240486,50442661.89,8,1306.6,497.8563218
20190208,3549.21,699.23,37,0.022162651,46903472.44,8,1311.1,530.5582822
20190209,3644.91,454.8,42,0.02450721,43228318.37,8,1293.77,574.6466667
20190210,3650.39,501.9,40,0.023295851,41094129.44,7,1293.07,615.5714286
20190211,3648.385,517.28,46,0.023353611,43503836.66,7,1306.75,598.9586207
20190212,3611.445,545.82,38,0.027453827,38536110.32,7,1311.6,670.65625
20190213,3622.95,558.02,48,0.027630699,46136477.62,7,1311.15,566.8562092
20190214,3593.545,498.14,48,0.028385053,43830433.4,7,1305.65,602.3758865
20190215,3608.3,516.21,43,0.029695232,38524988.17,7,1318,690.8582677
20190216,3615.895,485.63,43,0.027408614,45243824.09,7,1297.31,575.3933333
20190217,3657.175,580.51,38,0.023869471,47847756.99,8,1293.07,546.3522013
20190218,3806.93,933.15,63,0.030154885,46557352.72,8,1323.95,555.9419355
20190219,3946.715,1440,65,0.035398168,47463759.41,8,1329.55,553.5512821
20190220,3945.61,698.01,59,0.029783589,39188196.4,8,1345.75,666.2153846
20190221,3963.41,668.16,59,0.02864475,35886348.38,8,1335.05,722.512605
20190222,3956.905,649.55,61,0.033799885,48557438,8,1322.25,535.9320988
20190223,4070.435,727.85,63,0.033367322,43326983.85,8,1287.83,598.5804196
20190224,3988.5,977.78,69,0.032698046,41699034.48,8,1294.84,629.6642336
20190225,3828.295,765.87,47,0.048350968,43762393.67,8,1329.15,602.041958
20190226,3822.28,2090,40,0.039257327,48518480.84,8,1327.55,542.826087
20190227,3775.685,2820,39,0.029649664,43378758.74,8,1326.45,613.3262411
20190228,3853.93,2310,39,0.03127885,45752082.93,8,1325.45,576.5533333
20190301,3844.395,1740,42,0.027829836,48990912.86,8,1309.95,530.3641975
20190302,3818.56,1610,41,0.032509631,40419159.83,8,1302.89,651.1060606
20190303,3820.66,1510,44,0.033335698,44106296.65,7,1295.61,596.1917808
20190304,3768.075,2850,36,0.026533689,41519277.34,7,1287.45,632.6058394
20190305,3807.005,3820,35,0.032915557,45583496.96,7,1285,578.6778523
20190306,3877.84,2520,42,0.031494735,38440027.01,7,1285.55,676.8515625
20190307,3882.48,2600,56,0.029876873,43094151.96,7,1286.4,609.2605634
20190308,3868.5,2960,54,0.029907422,44044134.58,7,1294.1,590.5753425
20190309,3917.955,2480,55,0.03172966,42067846.75,7,1292.6,617.7898551
20190310,3923.015,1890,55,0.033028646,41859992.13,7,1292.6,634.4191176
20190311,3895.72,3190,56,0.031089255,42943836.84,7,1296.35,613.2535211
20190312,3865.965,2900,56,0.032210759,43928506.24,7,1296.95,600.0699301
20190313,3875.655,2280,54,0.032649773,41261208.41,7,1308.4,641.0296296
20190314,3873.62,2860,55,0.038438002,47063222.42,7,1299.2,564.3935484
20190315,3905.635,3110,55,0.038021159,46388378.1,7,1302.65,562.2941176
20190316,3997.045,3460,54,0.031396399,49592956.72,7,1310.3,528.6748466
20190317,4000.675,1870,58,0.027369422,44219453.75,7,1310.3,593.5136986
20190318,4001.65,2620,56,0.026419029,49152726.18,7,1305.35,534.1552795
20190319,4002.255,2990,56,0.02699752,53416464.19,7,1308.35,497.9827586
20190320,4030.22,3180,55,0.025796656,48338052.7,7,1303,539.9689441
20190321,4017.91,3880,62,0.02280831,45218106.15,7,1317.3,602.9440559
20190322,4001.105,2830,56,0.024387328,49268278.55,7,1311.1,534.6956522
20190323,4000.915,2000,50,0.029002315,43829368.5,7,1310.3,596.062069
20190324,3990.325,2040,44,0.031052254,47228168.51,7,1310.3,579.1933333
20190325,3946.485,2860,46,0.026790985,47026846.44,7,1319.35,583.6689189
20190326,3922.86,2530,43,0.030777377,42479651.59,7,1315.25,642.2985075
20190327,3993.555,2780,44,0.03397213,47681353.18,7,1318.25,577.4832215
20190328,4030.565,2110,49,0.041583151,46366994.12,7,1306.9,593.390411
20190329,4077.055,3300,50,0.0342672,46549858.34,7,1291.15,589.462585
20190330,4106.875,2550,57,0.036350327,43914861.21,7,1260.73,623.676259
20190331,4114.11,2430,56,0.036308155,44877577.21,11,1260.73,612.7482014
20190401,4123.265,3220,62,0.038548978,43406358.41,11,1291.9,641.9852941
20190402,4626.06,14770,60,0.064650773,51037696.03,11,1287.2,543.5031847
20190403,5083.645,13830,71,0.059095552,45252156.41,11,1291.85,613.9366197
20190404,4935.875,1050,61,0.062638579,45930007.62,11,1291.6,601.6357143
20190405,4985.87,851.72,59,0.05728884,50019786.84,11,1288.9,562.0506329
20190406,5089.095,952.18,65,0.055027072,44033511.12,11,1290.59,621.647482
20190407,5155.16,841.27,69,0.038240112,46123800.32,10,1281.65,605.4609929
20190408,5244.555,928.23,65,0.034551111,47281190.67,10,1297.1,590.5472973
20190409,5226.61,784.62,64,0.026003586,42541074.12,10,1301.85,652.2727273
20190410,5319.775,837.51,62,0.021219047,47251301.59,10,1304.8,582.5337838
20190411,5165.655,943.49,65,0.032907828,50089119.4,10,1304.65,551.0318471
20190412,5023.115,779.14,42,0.051284441,48383269.13,10,1296.15,575.1523179
20190413,5092.575,577.16,62,0.036236961,43111981.2,10,1290.59,639.4148148
20190414,5109.01,566.38,51,0.042068724,38878908.93,8,1292.29,706.4590164
20190415,5082.31,688.2,60,0.043903731,46120157.25,8,1286.75,599.6896552
20190416,5130.595,631.05,50,0.041112835,46135225.16,8,1283.75,591.7793103
20190417,5230.785,806.52,61,0.042437023,43697260.96,8,1276.1,628.7028986
20190418,5275.385,727.97,64,0.045253807,47305812.45,8,1276.5,579.2483221
20190419,5282.595,787.09,61,0.038501715,48575719.9,8,1323.33,567.8092105
20190420,5320.525,782.32,62,0.040752389,41893779.78,8,1284.99,658.1832061
20190421,5290.68,811.41,62,0.041077676,51365832.7,9,1323.33,534.3888889
20190422,5355.245,920.77,61,0.046932468,43116692.57,9,1286.05,640.380597
20190423,5499.07,900,68,0.042905038,37351466.82,9,1273.45,750
20190424,5511.99,994.04,65,0.040923984,52151883.3,9,1273.8,523.8773006
20190425,5276.65,955.36,58,0.036867299,45513089.16,9,1277.85,610.7342657
20190426,5233.06,1030,41,0.039082236,48288211.12,9,1281.5,572.1721854
20190427,5237.71,833.13,42,0.039018563,44280221.42,9,1328.57,616.1970803
20190428,5266.06,681.41,40,0.031579948,51737417.5,8,1365.96,545.0552147
20190429,5231.16,775.82,42,0.030760321,51317569.42,8,1282.15,530.4171779
20190430,5298.435,697.42,42,0.034016796,44324020.75,8,1285.15,616.15
20190501,5381.935,623.64,51,0.043902381,55254674.74,8,1281.8,500.0409357
20190502,5459.22,722.23,50,0.041001571,59148182.39,8,1271.45,469.326087
20190503,5688.34,1040,63,0.043917204,48248666,8,1270.05,575.3881579
20190504,5748.755,920.61,66,0.049108437,42813568.64,8,1282.35,654.4469697
20190505,5779.62,709.02,67,0.050658412,43464314.39,12,1316.4,665.0542636
20190506,5733.91,755.39,57,0.037426689,50382022.24,12,1284.24,574.0662252
20190507,5889.855,955.88,69,0.038561296,43922468.23,12,1281.3,677.6377953
20190508,5892.665,757.13,63,0.042952356,50752249.66,12,1287.75,571.0723684
20190509,6091.78,799.96,69,0.039373377,51265233.19,12,1284.1,572.28
20190510,6288.89,907.94,71,0.041943172,41910276.84,12,1285.4,696.464
20190511,6875.98,1310,76,0.077617958,43313882.49,12,1596.96,662.4538462
20190512,7167.41,1350,75,0.087490672,52373847.18,18,1416.36,549.778481
20190513,7500.585,1200,78,0.094499589,56324595.13,18,1282.95,513.1257485
20190514,7964.18,1330,78,0.082198143,50903812.79,18,1297.6,569
20190515,8056.605,1130,77,0.065512872,49463240.09,18,1298.9,582.9127517
20190516,8015.65,1180,75,0.082141229,49172532.4,18,1295.55,584.3219178
20190517,7299.825,1430,65,0.094205387,50537700.67,18,1285.8,580.4370861
20190518,7352.695,865.53,67,0.083483434,51230432.07,18,1475.96,561.5620915
20190519,7769.46,1080,70,0.076815253,55570548.7,13,1337.62,520.9509202
20190520,7892.495,958.81,73,0.073757977,53956371.22,13,1275.25,545.3726708
20190521,7955.045,804.88,68,0.055230566,51161491.36,13,1276,566.620915
20190522,7783.71,821.4,69,0.046495214,58728721.57,13,1274,510.1736527
20190523,7725,815.14,65,0.055108903,52581995.36,13,1275.95,556.1772152
20190524,7983.51,868.47,64,0.038382045,50759817.59,13,1281.5,564.2875817
20190525,8044.75,691.27,69,0.045651309,46689242.45,13,1365.35,613.9357143
20190526,8336.765,872.12,67,0.055269971,55527021.84,13,1449.27,520.4484848
20190527,8799.995,907.96,70,0.053333435,56120379.49,13,1523.92,519.251497
20190528,8690.455,763.2,71,0.038863201,54761553.43,13,1283.9,530.2317073
20190529,8602.29,15430,71,0.040599028,58350576.4,13,1283.5,495.9827586
20190530,8546.55,1040,73,0.040908582,53906405.03,13,1276.45,538.88125
20190531,8343.39,858.41,61,0.039863422,43611051.74,13,1296,737.965812
20190601,8539.43,686.75,62,0.048687224,56691628.25,13,1427.11,570.6225166
20190602,8683.69,614.54,63,0.049319377,49111309.12,12,1498.39,661.778626
20190603,8406.71,739.45,66,0.052514229,44452685.53,12,1313.95,721.0672269
20190604,7789.215,966.95,42,0.058096733,57001092.63,12,1323.6,567.4025974
20190605,7754.51,762.94,27,0.051676395,60792325.17,12,1337.75,532.73125
20190606,7669.81,651.82,34,0.041359381,58149865.26,12,1336.65,558.0700637
20190607,7947.5,588.87,27,0.038798995,58874696.31,12,1334.3,541.3860759
20190608,7927.685,485.81,62,0.047749484,45733470.53,12,1423.99,704.0322581
20190609,7750.325,554.48,62,0.046627876,54430542.26,11,1379.93,585.7278912
20190610,7797.515,641.38,46,0.039420869,58205394.41,11,1328.6,549.7707006
20190611,7887.18,579,61,0.035164858,53869516.69,11,1322.65,601.8041958
20190612,8042.285,607.89,60,0.041060552,49327092.25,11,1336.65,660.0229008
20190613,8189.925,574.21,63,0.046667223,55798426.89,11,1335.8,576.2450331
20190614,8452.405,643.17,67,0.048941397,63024892.39,11,1352.45,507.1301775
20190615,8763.31,608.69,75,0.046988396,53642174.37,11,1661.65,596.5410959
20190616,9086.925,849.77,80,0.058059951,49377349.28,16,1733.16,664.1692308
20190617,9222.92,738.8,84,0.050801621,48751831.67,16,1333.2,650.0150376
20190618,9149.525,723.17,83,0.045434685,60584138.11,16,1344.55,523.1104294
20190619,9179.325,587.57,82,0.037844782,65300281.36,16,1342.4,493.0734463
20190620,9410.045,693.62,81,0.038753389,52859881.83,16,1381.65,601.9375
20190621,9883.855,769.12,84,0.045284044,49669545.76,16,1388.35,648.6466165
20190622,10647.145,1090,83,0.065245537,53130258.71,16,1793.05,608.6170213
20190623,10899.66,683.79,84,0.070095621,66786714.65,26,1838.55,479.6850829
20190624,10828.315,566.96,80,0.053555234,65184004.85,26,1405.45,488.0056497
20190625,11385.295,781.09,87,0.05462042,53604784.81,26,1429.55,592.9657534
20190626,12752.93,1480,95,0.088235851,61018728.92,26,1406.75,520.2181818
20190627,11824.695,1590,92,0.118101124,55718282.3,26,1402.25,608.0070423
20190628,11602.875,1090,62,0.075345867,64901570.24,26,1413.2,532.7546012
20190629,11857.585,834.62,74,0.066120432,68814995.56,26,1636,494.5862069
20190630,11438.925,880.77,78,0.064336054,60110261.78,16,1839.5,569.8157895
20190701,10606.715,1040,65,0.07361264,56273145.23,16,1390.05,605.9370629
20190702,10302.85,1120,63,0.081079178,62143782.71,16,1393.1,547.664557
20190703,11425.75,998.73,79,0.067558523,67513538.2,16,1425.1,502.8953488
20190704,11561.395,840.34,76,0.059162051,65753514.9,16,1415.25,515.5808383
20190705,11111.66,772.67,67,0.067926463,74252077.4,16,1414.4,458.4179894
20190706,11347.335,688.96,72,0.068421471,70499077.62,16,1574.56,483.0561798
20190707,11357.425,601.93,67,0.058844555,61324968.15,16,1593.31,558.627451
20190708,11862.65,695.6,74,0.04950066,71689688.49,16,1404.9,488.3820225
20190709,12462.685,847.84,84,0.053424297,65549233.13,16,1387.9,565.7012987
20190710,12376.835,1110,83,0.049856574,58039910.58,16,1395.45,668.2945736
20190711,11551.15,943.13,62,0.059728539,58764057.67,16,1423.1,667.4728682
20190712,11514.26,738.17,33,0.0488904,73998111.03,16,1405.6,530.1097561
20190713,11331.7,747.71,65,0.053834303,65350573.18,16,1574.56,608.5957447
20190714,10783.385,840.76,61,0.064507628,65850969.48,15,1598.63,597.2689655
20190715,10473.6,956.52,16,0.071184561,66187758.28,15,1416.25,594.5547945
20190716,10196.29,1050,34,0.078306134,74123956.02,15,1416.1,528.2716049
20190717,9534.375,1030,19,0.073297945,60776029.74,15,1400.8,651.481203
20190718,10034.575,974.49,40,0.072083177,55156348.47,15,1420.9,714.1735537
20190719,10446.285,727.79,42,0.08043924,53381011.78,15,1437.05,735.6101695
20190720,10736.755,668.94,34,0.073908038,79611079.11,15,1898.18,488.2146893
20190721,10581.94,562.17,42,0.062223329,66768025.16,12,1456.53,581.4496644
20190722,10374.335,591.27,42,0.055979,71413326.71,12,1424.45,545.7088608
20190723,10074.525,663.38,40,0.048011561,63978547.12,12,1417.55,605.3496503
20190724,9728.16,639.54,20,0.041869119,62732151.85,12,1425.55,620.5251799
20190725,9964.565,545.85,42,0.044752935,66954999.85,12,1426.35,577.16
20190726,9779.285,493.75,24,0.044057504,74715443.29,12,1418.25,520.2771084
20190727,9756.71,661.89,47,0.038314142,68570848.1,12,1641.93,568.0460526
20190728,9363.58,518.59,16,0.049154823,79127722.04,12,1576.46,491.4914286
20190729,9552.295,510.9,19,0.04264719,76047151.88,12,1418.95,509.3630952
20190730,9570.655,511.51,22,0.039005275,63780601.05,12,1428.45,617.4647887
20190731,9852.77,589.84,31,0.042002724,76712160.95,12,1430.55,503.7251462
20190801,10189.65,608.37,57,0.042598024,63665299.05,12,1406.4,610.1971831
20190802,10503.73,578.29,61,0.044200557,75891932.14,12,1436.05,508.852071
20190803,10712.175,508.75,61,0.049632692,77318156.4,12,1677.34,501.4508671
20190804,10823.595,585.71,62,0.046892879,74480045.71,14,1579.19,517.3353293
20190805,11462.135,769.63,64,0.04313676,70406155.16,14,1457.45,604.1748252
20190806,11770.475,807.58,66,0.044872235,80524307.94,14,1461.85,532.3167702
20190807,11766.265,702.85,45,0.052844419,76207446.3,14,1487.65,565.0130719
20190808,11770.455,592.15,61,0.062093537,70667649.67,14,1497.4,610.1549296
20190809,11850.815,558.72,60,0.055899094,72912856.88,14,1503.5,590.4897959
20190810,11601.885,570.74,59,0.05676696,75358887.95,14,1736,566.9668874
20190811,11338.36,435.83,45,0.061305316,75713546.85,13,1574.56,570.0784314
20190812,11397.56,391.08,48,0.049861536,66489512.74,13,1501.95,648.5488722
20190813,11102.39,540.78,45,0.055649012,79390679.22,13,1527.2,545.0063694
20190814,10399.01,745.59,11,0.061227406,76056399.75,13,1500.35,573.6710526
20190815,9974.365,930.05,13,0.073231766,77744836.78,13,1517.65,550.5605096
20190816,10154.645,798.67,31,0.065495551,72875517.89,13,1509.05,587.2312925
20190817,10242.7,497.77,20,0.068262369,64501271.62,13,1515.9,668.5625
20190818,10296.175,441.11,14,0.060238076,64014474.15,11,1585.1,681.2380952
20190819,10592.57,519.01,30,0.052075086,82939429.52,11,1499.35,535.0552147
20190820,10766.215,515.47,39,0.054728893,77959332.13,11,1502.65,567.6013072
20190821,10337.885,717.65,11,0.049713203,69036996.31,11,1499.65,633.1838235
20190822,10004.525,520.75,5,0.060707642,71428562.73,11,1498.7,615.4539007
20190823,10260.905,436.26,33,0.055574526,77458847.54,11,1495.5,565.4444444
20190824,10171.095,463.85,39,0.053215491,80883729.92,11,1499.46,540.95625
20190825,10130.49,422.53,33,0.065771717,79060207.83,11,1761.96,552.4580645
20190826,10384.34,568.77,41,0.055476878,69518307.37,11,1664.89,632.1094891
20190827,10210.09,419.81,30,0.05479369,68075900.13,11,1531.85,643.2444444
20190828,9941.21,580.29,32,0.056630628,77137074.58,11,1541.75,570.9006623
20190829,9534.605,509.13,20,0.044469606,83309999.58,11,1536.65,525.3515152
20190830,9534.06,413.92,24,0.055818482,81060031.41,11,1526.55,538.15
20190831,9613.07,311.49,20,0.05512372,84203307.98,11,1595.38,522.7168675
20190901,9701.095,322.66,24,0.047813262,76182714.32,11,1668.73,603.048951
20190902,10111.88,542.79,28,0.051226182,81865057.34,11,1523.35,571.5234899
20190903,10534.785,578.79,41,0.049930092,88011388.94,11,1532.45,533.5670732
20190904,10610.01,504.45,43,0.052318591,72608146.93,11,1538.8,635.2720588
20190905,10567.74,402.09,41,0.051451541,89440680.33,11,1542.6,519.1030303
20190906,10583.28,643.02,43,0.051301106,84683745.9,11,1504.95,552.6962025
20190907,10439.605,393.57,39,0.053603933,80513205.26,11,1518.82,573.32
20190908,10441.28,339.73,43,0.049598692,95660362.49,9,1518.82,486.3898305
20190909,10308.23,473.76,41,0.051901566,78908430.65,9,1509.95,590.1438356
20190910,10181.02,383.22,41,0.053938507,97500583.12,9,1494.6,478.6043956
20190911,10063.05,413.06,38,0.050902998,99129638.9,9,1493.65,469.8913043
20190912,10264.58,413.22,39,0.048177736,84550671.31,9,1502.95,546.0126582
20190913,10223.395,365.52,38,0.051767131,81591237.89,9,1506.3,579.1666667
20190914,10353.67,326.44,39,0.053895636,91520659.32,9,1644.56,556.6967742
20190915,10340.555,255.79,38,0.050357428,89313735.8,9,1718.73,571.0816327
20190916,10257.465,372.53,38,0.04744607,96690166.18,9,1502.05,541.4723926
20190917,10225.23,321.64,41,0.042074172,88154630.37,9,1499.3,585.9256757
20190918,10186.545,318.82,38,0.040322666,105326001.1,9,1502.2,491.5114943
20190919,10004.785,542.25,31,0.049182399,87209417.91,9,1498.4,590.8243243
20190920,10193.365,362.07,41,0.05032841,89560379.17,9,1504.1,568.3708609
20190921,10066.125,326.17,37,0.054253466,97703119.2,9,1448.63,525.0481928
20190922,9984.315,337.06,37,0.062492481,99646459.71,12,1503.03,515.2048193
20190923,9854.995,431.1,41,0.057499721,67031523.97,12,1519.5,765.5964912
20190924,8947.295,933.16,39,0.074443276,93199454.51,12,1520.25,549.0127389
20190925,8499.22,696.11,15,0.075225252,93207178.57,12,1530.85,554.0961538
20190926,8112.365,731.03,12,0.064733708,101934669.2,12,1507.05,504.9473684
20190927,8096.36,561.4,24,0.055707796,83660912.95,12,1496.15,653.8333333
20190928,8194.74,457.79,32,0.056915157,101229586.2,12,1321.29,541.836478
20190929,8104.66,418.48,33,0.063573793,86832693.11,10,1415.01,636.4926471
20190930,8054.6,600.26,27,0.066610008,83523403.38,10,1487.6,659.6076923
20191001,8374.805,533.95,38,0.070199234,90484477.47,10,1466.1,611.6993007
20191002,8294.905,405.86,39,0.058732336,93847324.57,10,1484.05,583.4256757
20191003,8269.825,460.97,37,0.053583967,93578459.57,10,1504,584.7414966
20191004,8144.205,416.92,30,0.05859982,94825004.19,10,1509.5,579.9659864
20191005,8142.38,360.92,31,0.054408844,100564203.3,10,1423.61,555.1708861
20191006,8021.84,448.8,32,0.057624795,94266114.72,9,1307.01,581.4362416
20191007,8062.05,604.74,27,0.060429172,98334573.26,9,1502.15,554.7806452
20191008,8240.45,469.04,39,0.056740812,102923048,9,1500,534.7901235
20191009,8415.15,636.43,37,0.050021002,87425470.31,9,1503.4,626.5797101
20191010,8569.355,511.46,41,0.04737314,103887749.3,9,1508.2,533.3333333
20191011,8546.94,667.86,39,0.050333942,101167619.4,9,1498.35,555.0576923
20191012,8355.78,424.02,38,0.047485291,86725049.8,9,1504.83,647.3909774
20191013,8346.375,419.87,38,0.044146944,92032049.27,8,1504.83,609.7253521
20191014,8321.15,505.02,37,0.041368244,87485567.94,8,1494.2,640.637037
20191015,8278.115,469.73,39,0.048156289,99704576.57,8,1494.75,559.0457516
20191016,8069.59,538.92,40,0.046109735,92162551.75,8,1482.55,609.958042
20191017,8047.225,444.95,40,0.045546645,97226464.79,8,1484.45,574.8933333
20191018,8004.01,505.79,40,0.046426875,106046810.8,8,1322.28,531.5375
20191019,8013.87,428.83,41,0.049110417,92460889.09,8,1309.81,612.3309859
20191020,8118.81,513.91,37,0.050799456,96851568.58,10,1372.9,596.2534247
20191021,8268.315,489.4,37,0.04389525,103077534.2,10,1490.85,542.2327044
20191022,8169.885,570.39,39,0.042349321,110785113.3,10,1487.45,511.6331361
20191023,7703.93,892.08,33,0.045353076,109865482.8,10,1494.25,517.0654762
20191024,7447.22,586.49,20,0.042228443,90352561.84,10,1488.85,649.7518797
20191025,8107.525,1180,24,0.053698637,94164115.28,10,1504.65,623.4347826
20191026,9517.66,1780,53,0.072346221,96811794.4,10,1527.94,616.8071429
20191027,9460,1160,50,0.067732483,77787286.21,10,1687.56,754.9304348
20191028,9568.1,1040,52,0.071214639,91443656.43,10,1505.05,644.9104478
20191029,9332.235,918.48,54,0.065567614,94180744.35,10,1492.75,648.6165414
20191030,9230.05,789.73,53,0.057909599,91293152.1,10,1490.15,645.6567164
20191031,9197.58,798.93,50,0.062688413,89242170.17,10,1506.4,654.75
20191101,9190.62,689.65,49,0.05760099,88631294.24,10,1509.85,658.6076923
20191102,9311.95,570.74,51,0.061083672,93625343.23,10,1691.19,637.4477612
20191103,9252.16,536.56,56,0.058168772,94340545.5,9,1483.61,636.2173913
20191104,9359.87,681.01,49,0.052005993,89896187.85,9,1509.2,656.0984848
20191105,9346,653.42,54,0.056236573,98819409.33,9,1504.6,596.2638889
20191106,9362.675,578.03,53,0.055310397,90672851.63,9,1488.55,653.4015152
20191107,9248.385,603.54,54,0.049809635,91399245.68,9,1484.1,645.4148148
20191108,8973.285,791.79,42,0.057986382,83929269.39,9,1466.85,670.0703125
20191109,8806.85,512.02,38,0.060369427,92677908.18,9,1506.26,598.6875
20191110,8947.46,581.57,39,0.06712906,104578879.5,9,1609.52,525.6084337
20191111,8852.135,601.16,40,0.063854041,98694491.21,9,1465.5,559.6357616
20191112,8722.47,575.16,39,0.066346039,85118350.91,9,1455,652.4592593
20191113,8781.005,454.33,38,0.057900262,87730707.51,9,1463.45,638.5777778
20191114,8697.98,515.43,41,0.063600867,108297075.1,9,1467.65,504.704142
20191115,8583.345,653.71,38,0.061597954,100186011.9,9,1465.6,554.8670886
20191116,8490.725,471.16,41,0.061814513,93080645.05,9,1452.14,585.3716216
20191117,8526.21,531.22,38,0.061552353,97336761,10,1434.46,561.4090909
20191118,8306.75,692.6,38,0.057200811,89153749.5,10,1458.4,610.1
20191119,8116.245,654.27,32,0.055916899,92807793.07,10,1464.9,594.1768707
20191120,8139.98,607.27,32,0.059070519,90657921.53,10,1475.7,603.528169
20191121,7785.53,891.5,30,0.047924921,87754423.18,10,1468.9,631.0583942
20191122,7268.465,1410,20,0.071476783,86493474.08,10,1471.3,656.9469697
20191123,7243.795,783.18,23,0.065149055,113177710.7,10,1481.63,494.4913295
20191124,7126.74,904.5,21,0.065938905,84584363.62,10,1466.36,663.7328244
20191125,6973.095,1290,17,0.079557165,81423998.61,10,1459.45,690.064
20191126,7196.47,844.27,21,0.071262736,78729442.4,10,1457.65,714.5983607
20191127,7277.305,996.49,20,0.07016227,89385614.95,10,1459.8,622.0503597
20191128,7526.12,737.58,32,0.063479154,108075563.3,10,1457.55,519.5398773
20191129,7648.83,766.71,31,0.065116889,87613553.72,10,1456.35,645.9779412
20191130,7654.055,650.6,38,0.060337304,83818150.41,10,1321.92,669.1587302
20191201,7418.725,777,25,0.071033718,93308919.64,9,1258.61,628.0647482
20191202,7317.855,687.78,28,0.059466603,94385604.89,9,1457.5,598.1724138
20191203,7340.635,548.77,28,0.056467078,103049569.5,9,1470.4,550.5822785
20191204,7437.72,971.75,24,0.057566691,107880491.9,9,1475.85,519.9760479
20191205,7334.405,780.78,21,0.058086589,94309777.08,9,1474.6,593.0551724
20191206,7465.825,706.1,29,0.06278494,92427420.11,9,1474.85,597.8965517
20191207,7571.805,557.14,32,0.059518041,99834311.82,9,1319.37,557.7870968
20191208,7504.655,499.04,28,0.060968914,94650679.92,8,1389.52,583.6824324
20191209,7481.73,648.66,32,0.058186396,94501051.97,8,1463.6,584.1486486
20191210,7290.03,609.5,26,0.045232392,95070168.98,8,1464.45,582.1621622
20191211,7225.935,518.4,20,0.044825103,84473464.74,8,1468.05,656.5909091
20191212,7206.655,611.8,23,0.046189454,85375121.52,8,1474.7,645.3082707
20191213,7253.735,503.49,22,0.044660228,97721105.6,8,1470.6,570.2894737
20191214,7158.46,524.56,27,0.040936037,98337411.22,8,1416.36,570.3046358
20191215,7117.65,492.58,21,0.0485396,80190860.84,9,1476.12,699.9677419
20191216,7020.825,689.56,24,0.043913698,102482284,9,1477.4,539.2993631
20191217,6766.79,894.55,23,0.04864166,90307520.48,9,1478.4,625.0425532
20191218,6946.475,1140,15,0.059861961,85579538.13,9,1478.9,644.8432836
20191219,7217.32,778.72,21,0.06412007,102286399.3,9,1474.4,541.8917197
20191220,7164.31,627.04,23,0.055425489,100295958.2,9,1476.9,563.0384615
20191221,7173.34,468.74,23,0.050397451,113307244.1,9,1398.41,489.8693182
20191222,7335.285,677.94,20,0.056602127,108785086.3,8,1421.95,511.8579882
20191223,7484.965,952.16,33,0.059223666,91641997.69,8,1483.95,605.2167832
20191224,7302.46,785.54,25,0.058052655,81049648.87,8,1490.85,686.248
20191225,7206.41,625.41,22,0.058207935,82362930.35,8,1430.02,679.7421875
20191226,7304.825,795.09,39,0.055908055,107915980.2,8,1437.05,513.742515
20191227,7164.535,718.07,38,0.050576239,93481639.34,8,1510.6,599.2965517
20191228,7310.85,610.96,37,0.052280849,97053783.54,8,1409.54,580.4295302
20191229,7417.99,611.69,37,0.055712606,101897952.8,8,1258.61,552.4258065
20191230,7319.43,606.11,40,0.049277886,108164866,8,1511.5,524.6445783
20191231,7233.59,586.6,38,0.060912773,98435107.97,8,1523,589.5862069
20200101,7219.49,420.28,37,0.049416317,112382825.8,8,1479.56,502.6034483
20200102,7085.335,632.78,39,0.044082977,97321512.37,8,1520.55,605.3475177
20200103,7144.865,936.29,38,0.056705574,115510866.4,8,1547.4,517.6213018
20200104,7342.175,523.91,38,0.047527371,115893551.7,8,1421.95,511.1190476
20200105,7415.745,628.14,39,0.049994892,112677010.3,11,1258.61,531.1288344
20200106,7577.37,786.75,41,0.051028013,92867375.14,11,1576.85,638.1259259
20200107,7977.6,1010,40,0.054218108,120234545.8,11,1566.5,494.2045455
20200108,8166.31,1190,51,0.059027259,98295682.57,11,1582.85,607.9014085
20200109,7902.075,786.5,44,0.054574017,108785940.7,11,1547.85,543.5286624
20200110,7937.305,1050,41,0.06069391,102306737.5,11,1548.8,584.0805369
20200111,8145.645,776.75,50,0.051975796,111583541.9,11,1481.71,531.9386503
20200112,8076.77,595.22,45,0.055937969,103706195.6,11,1320.57,573.2847682
20200113,8128.885,610.66,49,0.048117959,98356488.06,11,1550.35,602.5174825
20200114,8490.235,1480,56,0.057397132,99439388.92,11,1544.95,595.1931034
20200115,8724.985,1170,54,0.056654124,110496469,11,1551.9,574.4701987
20200116,8716.67,748.32,55,0.058094516,117264816.1,11,1555.2,538.7421384
20200117,8835.17,794.11,54,0.0595141,116880726.7,11,1556.5,545.7798742
20200118,8890.955,627.74,51,0.049858468,96767572.68,11,1501.73,655.0151515
20200119,8842.77,975.01,53,0.051977034,110276951.1,10,1603.37,575.6066667
20200120,8629.44,599.06,48,0.049417585,112522207.4,10,1559.25,566.5460526
20200121,8625.825,540.2,49,0.040280231,113069569.6,10,1556.25,568.9477124
20200122,8688.085,509.06,52,0.044354346,115127128.6,10,1558.1,552.8076923
20200123,8485.955,722.67,49,0.049762328,116799040.4,10,1554.05,542.408805
20200124,8371.665,617.02,40,0.055917217,112870762.1,10,1561.85,570.5197368
20200125,8353.87,444,41,0.052599969,120241706.5,10,1504.83,526.5853659
20200126,8453.95,468.34,42,0.049609411,106599126.7,10,1369.81,604.2727273
20200127,8781.69,706.45,50,0.060007111,96593228.94,10,1583.45,657.4728682
20200128,9149.985,954.2,54,0.054512386,109105205.9,10,1579.6,613.9225352
20200129,9331.715,749.88,57,0.052320308,123384024.4,10,1571.2,543.20625
20200130,9371.49,765.21,57,0.056789579,120173329.1,10,1580.4,551.9102564
20200131,9363.615,633.37,55,0.050454039,111298272.3,10,1580.85,601.0972222
20200201,9376.245,458.42,57,0.04894638,116736864.9,10,1621.15,574.3907285
20200202,9319.525,683.37,57,0.052908502,110338966.8,10,1685.63,602.2237762
20200203,9418.245,701.39,59,0.052597495,113792861.1,10,1578.85,585.6081081
20200204,9218.32,651.68,56,0.049740469,101932281.9,10,1571.2,651.8863636
20200205,9456.63,771.46,53,0.046909482,122651008.9,10,1552.2,544.2389937
20200206,9693.225,778.67,61,0.052640755,104092246,10,1564.75,640.437037
20200207,9790.17,608.96,56,0.047735647,107751389.4,10,1483.12,617.3884892
20200208,9800.76,551.31,56,0.046029549,106371019.3,10,1483.12,628.323741
20200209,10021.69,617.35,56,0.044541006,117087555.2,12,1390.03,564.7908497
20200210,9973.125,781.22,57,0.048579395,93983852.9,12,1574.05,707.352459
20200211,10043.38,791.28,52,0.048136639,114443186.7,12,1567.7,580.027027
20200212,10362.99,803.25,61,0.055036541,110226070.5,12,1566.75,608.084507
20200213,10290.78,940.3,65,0.05377562,108973550.4,12,1575,614.7446809
20200214,10245.52,732.51,63,0.054333177,103863749.9,12,1576.35,642.7925926
20200215,10089.245,808.81,64,0.046615523,110946969.3,12,1469.12,605.3028169
20200216,9838.5,808.91,59,0.048689472,113171456.5,11,1511.87,595.2887324
20200217,9720.585,961.88,49,0.057870316,121021369.1,11,1580.3,564.7070064
20200218,9946.56,945.91,53,0.054521982,115660799,11,1588.2,574.3666667
20200219,9820.105,905.95,50,0.053826525,109345752.2,11,1609.5,613.0851064
20200220,9550.7,870.8,44,0.053011752,97668978.65,11,1610.35,684.1507937
20200221,9674.115,716.61,44,0.058546723,119682677,11,1633.7,558.2077922
20200222,9649.025,589.88,43,0.047075262,114684259.5,11,1628.27,590.1486486
20200223,9840.64,775.88,46,0.046866411,111340584.3,11,1511.87,598.7323944
20200224,9757.53,980,46,0.055960769,110377328.1,11,1682.35,622.7163121
20200225,9470.225,937.97,44,0.053928836,114989955.6,11,1655.9,593.9444444
20200226,9016.02,1320,41,0.058094921,106619859.8,11,1647.95,630.1617647
20200227,8759.79,1130,39,0.058266627,119944480.5,11,1646.6,582.3401361
20200228,8678.96,1080,40,0.067542009,122313197.8,11,1626.35,561.2405063
20200229,8680.475,683.44,38,0.06140672,106969719.2,11,1499.31,619.9496403
20200301,8610.14,784.05,39,0.065760266,137443832.9,10,1368.59,484.3954802
20200302,8752.785,1020,38,0.054067911,114950215.3,10,1609.7,581.5503356
20200303,8810.63,1010,38,0.055951043,117867047.3,10,1599.05,566.6078431
20200304,8777.365,759.69,40,0.05568419,128437234.3,10,1644.8,519.6586826
20200305,8976.285,950.76,41,0.048557978,125586320.3,10,1647.45,527.190184
20200306,9099.305,1040,39,0.046932447,118979617.1,10,1687,560.3419355
20200307,9052.875,750.65,38,0.042178414,124095132.9,10,1553.54,534.0254777
20200308,8476.67,1110,33,0.049966429,121478009,19,1452.14,561.5
20200309,7932.58,1540,17,0.070947318,121434942.9,19,1676.6,576.8666667
20200310,7961.605,1200,16,0.055372853,108776661.6,19,1657.4,652.4015152
20200311,7806.635,1100,17,0.057634225,98759473.98,19,1662.5,719.3529412
20200312,6360.185,3220,14,0.187046505,123956946.5,19,1636.65,578.7284768
20200313,4966.735,4170,10,0.441822238,103397714.3,19,1588.15,684.656
20200314,5367.43,1690,8,0.162690243,107562030,19,1286.05,671.3984375
20200315,5537.92,1610,12,0.117226012,99926429.28,19,1249.33,734.4369748
20200316,4909.575,2550,9,0.14917628,97574043.26,19,1504.65,728.6470588
20200317,5256.165,1890,8,0.122301353,100659191.9,19,1472.35,704.3414634
20200318,5237.865,1800,11,0.113027582,83563850.57,19,1506,860.52
20200319,5843.66,2180,12,0.116248405,90535480.33,19,1480.7,806.5514019
20200320,6311.865,2220,9,0.125749903,92807871.75,19,1504.45,783.3119266
20200321,6168.22,1640,9,0.108222181,102765149.3,19,1310.2,699.3467742
20200322,6082.91,1480,11,0.101197651,104998917.6,14,1247.15,681.1338583
20200323,6159.1,1880,10,0.101719274,94802605.05,14,1494.5,772.125
20200324,6632.065,1730,12,0.085611126,108784285,14,1599.5,659.5984848
20200325,6731.645,1520,13,0.071834936,75434661.46,14,1620.95,935.7391304
20200326,6667.865,1180,14,0.068793199,112264004.7,14,1620.1,542.8375
20200327,6594.75,1160,12,0.056322601,106723078.4,14,1621.2,558.4064516
20200328,6217.895,1260,8,0.064338169,92961048.57,14,1319.67,639.1481481
20200329,6084.58,916.17,12,0.057249057,104135834,12,1247.15,572.3311258
20200330,6245.87,1430,10,0.058299718,101671911.4,12,1624.45,586.2653061
20200331,6441.135,1050,12,0.054109647,110180025.9,12,1604.65,542.1006289
20200401,6442.02,1400,12,0.055167742,105459373,12,1594.25,567.5359477
20200402,6915.45,1740,14,0.060690999,105730685.1,12,1588.05,564.0457516
20200403,6831.415,1350,14,0.053132335,93208612.53,12,1609.75,655.4090909
20200404,6840.75,1050,12,0.058875038,109321180.1,12,1601.3,544.4458599
20200405,6799.73,842.33,12,0.052273409,123368978.8,12,1456.21,499.3257143
20200406,7069.48,1530,12,0.051052568,92144409.66,12,1636.6,657.828125
20200407,7273.515,1320,20,0.053396296,116247181.8,12,1652.2,526.0416667
20200408,7291.905,983.94,21,0.049741515,102833475,12,1649.05,598.8958333
20200409,7249.445,963.55,22,0.044891622,114367930.9,12,1662.5,556.1168831
20200410,7031.235,1370,15,0.052612583,119318729.1,12,1272.96,534.1717791
20200411,6870.895,845.58,15,0.053071746,117662904.5,12,1601.3,542.2830189
20200412,7001.065,1100,10,0.049913974,112651795.9,12,1403.84,566.6078431
20200413,6763.05,1250,11,0.052031457,125952261.7,12,1418.55,502.9239766
20200414,6880.36,999.53,15,0.048200271,122871101.8,12,1715.85,517.2797619
20200415,6776.14,1000,18,0.048169099,124445670,12,1712.25,509.6982249
20200416,6847.095,1540,13,0.057919994,111955362.4,12,1717.85,564.4350649
20200417,7080.48,810.1,15,0.044820151,92533863.47,12,1693.15,680.2677165
20200418,7166.39,796.45,18,0.039766562,115182351.3,12,1416.36,546.8227848
20200419,7174.585,5930,16,0.048129638,112779553.7,12,1398.41,558.7894737
20200420,6997.65,1260,15,0.050896145,117656440.6,12,1684.95,544.9503106
20200421,6864.145,892.57,17,0.048715923,116944887.2,12,1678.6,574.409396
20200422,6998.435,914.18,19,0.050370805,103286762.1,12,1702.65,665.9541985
20200423,7386.38,1340,19,0.050738023,112017321.9,12,1727.55,609.1267606
20200424,7507.815,951.95,20,0.049285157,114858970.5,12,1727.25,594.8055556
20200425,7577.19,861.93,24,0.051517425,108060997.2,12,1308.38,636.6176471
20200426,7601.59,921.59,21,0.045159706,108354027.9,15,1251.94,634.7737226
20200427,7715.155,980.5,28,0.044046414,112785046.9,15,1717.25,611.035461
20200428,7731.555,808.09,26,0.035518825,122035878.5,15,1708.1,562.3376623
20200429,8342.73,1830,26,0.04647739,117023928,15,1706,595.2965517
20200430,8938.705,2040,44,0.059924598,107926031.9,15,1716.75,637.4074074
20200501,8848.93,1110,40,0.050035981,111950820.5,15,1673.05,615.1347518
20200502,8891.05,890.34,40,0.048655413,117070328.3,15,1501.73,582.7364865
20200503,8966.63,1150,45,0.048640705,133295629.6,17,1529.44,516.1130952
20200504,8753.195,1120,44,0.047015687,125392706.8,17,1703.7,546.0189873
20200505,8950.355,1050,40,0.04635316,125928122,17,1696.3,546.0253165
20200506,9166.525,1620,42,0.043830451,123668736,17,1698.9,559.6168831
20200507,9553.425,1910,49,0.04463267,117827562.6,17,1688.65,587.0136054
20200508,9885.185,1420,55,0.03634135,109479994.4,17,1471.07,632.649635
20200509,9718.995,1490,56,0.038586415,108663612.7,17,1632.86,634.3823529
20200510,8892.535,2470,48,0.061087592,135872632.1,20,1501.73,510.4647059
20200511,8696.71,2290,40,0.055694985,125480689.7,20,1698.8,548.9681529
20200512,8758.845,1350,39,0.046184923,116506692.3,20,1703.45,592
20200513,9107.62,1500,41,0.0415426,94618897.45,20,1699.85,727.3445378
20200514,9600.63,1770,40,0.042221677,94923213.24,20,1716.4,746.7368421
20200515,9495.42,1560,44,0.047031445,100021376.3,20,1734.85,699.952
20200516,9404.61,1100,41,0.045974504,102079109.8,20,1652.93,676.6190476
20200517,9609.89,1180,40,0.042021635,81279455.6,14,1595.38,858.8235294
20200518,9710.055,1180,50,0.044890934,101921845.3,14,1756.9,675.203125
20200519,9681.325,1160,50,0.040464561,94782518.53,14,1735.25,749.8347826
20200520,9578.38,1150,52,0.040431453,87062046.6,14,1750.05,753.7391304
20200521,9189.175,1410,49,0.042850269,97992697,14,1732.8,659.1832061
20200522,9100.93,914.59,42,0.04248163,83588481.6,14,1732.45,774.4954955
20200523,9206.21,812.56,40,0.042279031,89778869.34,14,1625.66,726.6470588
20200524,9007.125,1110,43,0.042638429,90859391.89,12,1464.42,721.6465517
20200525,8808.445,941.89,41,0.040712384,97904692.14,12,1506.26,696.32
20200526,8858.595,784.92,39,0.041637451,92842103.66,12,1722.75,716.8467742
20200527,9021.425,810.89,39,0.038370911,106384768.4,12,1705.15,612.2536232
20200528,9365.82,948.86,41,0.037544678,100128676.4,12,1723.3,664.4351145
20200529,9473.115,814.33,48,0.036722211,95712128.29,12,1725.65,688.8740157
20200530,9538.09,720.62,48,0.039053793,121923358.3,12,1582.7,538.4358974
20200531,9551.88,645.27,51,0.037068516,114330812.1,12,1665.88,588.64
20200601,9890.31,796.68,50,0.0364393,104189530.7,12,1734.8,650.0298507
20200602,9788.39,1060,56,0.035785493,97487639.09,12,1740.25,664.5658915
20200603,9537.405,558.12,48,0.033494587,104327821.4,12,1717.6,626.0431655
20200604,9674.395,593.66,54,0.036617712,108405709.9,12,1706.45,572.5231788
20200605,9728.865,527.05,53,0.041421296,122768676.1,12,1709.55,478.7765363
20200606,9632.275,370.85,54,0.037626629,133434276.8,12,1548.29,443.6887755
20200607,9608.27,549.2,54,0.039854685,109484004.2,11,1545.07,537.0440252
20200608,9729.955,431.04,53,0.035654191,110638616.2,11,1692,539.6049383
20200609,9744.48,479.55,52,0.034812277,109371266.5,11,1707.5,539.20625
20200610,9849.515,533.55,54,0.03281247,112661461.8,11,1717.65,528.1890244
20200611,9532.095,919.3,52,0.032672665,126273467.2,11,1731.9,467.0972973
20200612,9393.185,529.28,38,0.035222515,113518760.1,11,1735.85,529.3496933
20200613,9427.945,364.97,38,0.034303653,108400085.5,11,1627.88,542.5696203
20200614,9365.29,311.27,40,0.033237671,116325936.7,10,1576.46,512.3647059
20200615,9204.095,750.9,37,0.036549343,94136031.94,10,1710.4,625.3768116
20200616,9484.25,545.47,39,0.035325885,108335155.9,10,1728.35,564.86
20200617,9396.56,446.45,38,0.035005156,108720804.4,10,1717.3,633.1594203
20200618,9378.11,391.67,40,0.039882504,101051756.2,10,1732.65,680.195122
20200619,9329.785,478.49,39,0.045267521,115505056,10,1728.55,622.5524476
20200620,9286.57,383.44,38,0.039247027,108741872.6,10,1606.61,636.8905109
20200621,9350.375,335.99,37,0.03787151,116044779.1,10,1491.55,591.1027397
20200622,9529.025,523.32,38,0.03323859,112407136.6,10,1745.45,606.1608392
20200623,9650.29,375.49,41,0.034701055,123910741.8,10,1756.6,546.721519
20200624,9435.215,515.78,50,0.032736765,109182095.2,10,1775.7,619.618705
20200625,9168.09,524.45,43,0.036625406,111747742.1,10,1758.55,612.8865248
20200626,9165.37,489.84,40,0.033678747,130752867.2,10,1762.1,527.8719512
20200627,9028.805,441.93,43,0.036402906,109411115.5,10,1462.99,624.9782609
20200628,9067.895,329.01,40,0.036052958,117736623.9,10,1640.63,575.5066667
20200629,9130.375,401.12,41,0.032770963,114717677.1,10,1768.8,595.4
20200630,9134.88,381.73,44,0.032678692,116853815.6,10,1770.7,582.6530612
20200701,9198.5,366.78,42,0.031671415,127523681.8,10,1787.4,537.2407407
20200702,9111.255,483.1,42,0.031511426,130216943.2,10,1771.85,525.7865854
20200703,9087.215,333.88,41,0.035420841,128401266.2,10,1774.65,530.3006135
20200704,9124.155,261.25,40,0.03269757,124633616.7,10,1691.55,544.7515924
20200705,9044.385,314.1,38,0.036441604,128461342.6,9,1553.54,534.6871166
20200706,9219.865,510.27,40,0.032180902,121441082,9,1774.4,563.5194805
20200707,9293.5,420.55,43,0.030792524,126430264.8,9,1775.5,538.2981366
20200708,9354.275,509.94,44,0.033730973,118812271.9,9,1799.35,568.7019868
20200709,9306.52,444.27,44,0.032152064,132217500.2,9,1812.45,526.9085366
20200710,9223.01,418.47,41,0.0303012,126054128.5,9,1805.75,538.621118
20200711,9245.175,353.92,44,0.032646502,122388019.8,9,1487.78,553.0769231
20200712,9254.56,366.88,41,0.03299597,124886509.6,11,1483.61,559.6118421
20200713,9268.8,456.87,43,0.028862924,120843386.8,11,1808.05,599.8163265
20200714,9194.635,453.83,43,0.026326119,124614472.5,11,1798.2,597.6388889
20200715,9216.73,429.84,44,0.02603345,119755699.9,11,1809.3,620.9637681
20200716,9122.85,429.04,43,0.028933919,117107439.4,11,1804.6,641.4926471
20200717,9131.845,310.92,41,0.028989681,102244324.2,11,1802.9,733.5254237
20200718,9165.93,276.4,44,0.027230051,113562136.9,11,1571.19,661.3230769
20200719,9175.855,265.25,41,0.028744662,115748650.2,10,1507.36,652.5954198
20200720,9180.83,312.98,44,0.026965993,122244695.2,10,1810.3,617.3829787
20200721,9298.9,458.99,44,0.025364417,108837699.6,10,1823.2,690.312
20200722,9420.86,386,50,0.023666731,125301865.2,10,1851,604.7916667
20200723,9566.875,425.66,55,0.023584433,116590214,10,1882.35,635.8676471
20200724,9562.51,359.16,53,0.027990143,140057871.2,10,1893.85,536.2546584
20200725,9640.74,306.29,55,0.031455693,121938800.6,10,1546.3,608.0985915
20200726,9899.815,415.07,55,0.026917862,137713335.7,16,1457.22,543.5949367
20200727,10666.495,908.99,58,0.040652809,129471926.7,16,1940.55,582.9530201
20200728,10922.185,658.37,76,0.048766831,123810888.5,16,1931.65,588.0482759
20200729,11101.285,576.83,71,0.041080306,127381679.2,16,1954.35,581.3040541
20200730,11028.95,501.14,76,0.036493664,115698199.4,16,1952.2,639.7185185
20200731,11217.99,530.95,75,0.035819191,129019782,16,1974.7,570.9738562
20200801,11557.875,611.47,75,0.039592825,116629011.8,16,1618.45,636.379562
20200802,11400.555,647.95,80,0.051030803,117988349,15,1737.98,612.8723404
20200803,11210.975,470.24,75,0.041059173,136241985.2,15,1972.95,530.7098765
20200804,11218.115,485.79,72,0.036459707,121600212,15,1972.25,596.8275862
20200805,11443.545,570.83,75,0.034931304,109033220.1,15,2034.45,663.3875969
20200806,11743.805,554.85,79,0.034876339,131674347.3,15,2049.15,561.2371795
20200807,11631.52,517,77,0.036130754,127195160.1,15,2061.5,565.2039474
20200808,11673.135,317.06,77,0.03463375,119930428.2,15,1825.56,604.8591549
20200809,11668.43,303,79,0.035336465,133823619.5,13,1825.56,550.275641
20200810,11857.36,564.11,78,0.033670035,115178600.1,13,2030.3,636.9781022
20200811,11539.5,615.9,84,0.041401188,130876188.8,13,1996.6,562.1038961
20200812,11401.925,549.59,75,0.044098773,131566946.9,13,1931.7,553.3375796
20200813,11539.955,545.67,75,0.040803092,124601393.9,13,1931,586.3197279
20200814,11760.315,435.44,78,0.035640035,140462924.6,13,1948.3,517.0239521
20200815,11839.75,499.1,79,0.033689132,133953361.7,13,1535.18,551.1089744
20200816,11818.09,410.81,82,0.034460534,129324965,13,1644.36,564.7960526
20200817,12125.195,628.41,83,0.036984142,107049573.5,13,1949.85,698.736
20200818,12126.32,606.79,82,0.033645704,117306995.7,13,2005.15,619.1142857
20200819,11807,550.26,80,0.033641401,117105843.1,13,1993.15,622.0797101
20200820,11783.875,430.93,75,0.036516478,127666677.5,13,1928.05,595.739726
20200821,11688.595,506.38,81,0.038543106,134077692.3,13,1932.85,547.1225806
20200822,11532.54,433.98,78,0.034998036,115192008.4,13,1634.31,641.2426471
20200823,11617.61,377.33,76,0.036402953,132164157.2,10,1736,554.4522293
20200824,11711.045,429.13,78,0.035498671,131835062.1,10,1947.55,571.3422819
20200825,11449,594.07,75,0.040217934,112154365.6,10,1925.45,680.21875
20200826,11400.94,513.06,76,0.03825123,125893343.9,10,1918.5,612.5633803
20200827,11363.58,560.59,75,0.039471936,112414794.6,10,1938.8,669.1937984
20200828,11421.44,464.94,74,0.040086557,145171092.5,10,1955.85,521.2944785
20200829,11509.89,389.85,79,0.042649902,127782403.7,10,1720.28,597.9246575
20200830,11594.525,409.36,75,0.034749385,110406297.1,12,1606.75,685.8897638
20200831,11680.815,496.14,75,0.035383449,130555276.5,12,1825.56,575.6333333
20200901,11801.24,579.65,75,0.035462309,137021363.3,12,1987.95,550.3594771
20200902,11586.735,20260,83,0.036996213,125863977.2,12,1969,599.9027778
20200903,10743.315,9650,79,0.04465617,115068172.9,12,1934.1,661.744186
20200904,10329.365,12500,40,0.04660538,118094086.4,12,1937.6,651.0074074
20200905,10225.5,14720,41,0.052627083,123720214.9,12,1505.98,610.5602837
20200906,10190.34,12120,41,0.049024183,133951335.5,10,1432.26,572.48
20200907,10152.8,12400,41,0.043440664,151623204.3,10,1928.4,498.5714286
20200908,10149.7,113.9,41,0.048911357,134004648.2,10,1920.6,558.2645161
20200909,10169.36,71.37,38,0.044406486,128846894.6,10,1928.4,576.1543624
20200910,10357.345,88.01,38,0.043637516,136702945.8,10,1944.8,549.2025316
20200911,10314.045,62.28,41,0.041504866,120203125.4,10,1944.5,623.615942
20200912,10384.595,48.49,41,0.038550953,147477344.9,10,1664.89,508.6235294
20200913,10401.685,66.12,38,0.039821604,140875696.4,10,1574.68,534.2283951
20200914,10506.475,96.64,39,0.036924319,151494147.4,10,1942.3,492.5568182
20200915,10784.575,91.7,47,0.038811367,134898442.3,10,1963.55,549.5320513
20200916,10882.36,94.94,43,0.037553129,135201640,10,1964.8,562.3354839
20200917,10901.62,77.22,48,0.037286705,153627160.4,10,1936.1,484.011236
20200918,10932.295,63.48,49,0.035789796,144751986.2,10,1954.75,520.0424242
20200919,11036.255,51.63,48,0.038407726,129278957.5,10,1459.75,584.885906
20200920,10929.565,53.39,52,0.036553496,137239137.5,9,1939.94,600.7816901
20200921,10655.99,109.85,48,0.037011246,141668596.6,9,1930.9,598.1931034
20200922,10471.455,63.52,39,0.036286993,123175507.8,9,1903.1,675.6821705
20200923,10356.55,74.95,43,0.035528207,137004629.9,9,1888.1,606.8943662
20200924,10502.96,82.95,39,0.038104203,133371058.3,9,1850.75,625.620438
20200925,10662.26,71.43,46,0.040072602,162395009.9,9,1870.05,515.8106509
20200926,10740.57,37.85,45,0.034235624,144372093.9,9,1818.78,574.8066667
20200927,10711.385,40.92,47,0.035792371,147325239.1,8,1677.34,564.3947368
20200928,10800.39,72.29,43,0.034553627,126429936.6,8,1850.95,659.9922481
20200929,10752.025,59.64,45,0.034047449,135710281.4,8,1882.4,624.9503546
20200930,10758.145,55.55,49,0.031115095,149940548.4,8,1883.4,555.3717949
20201001,10690.565,95.33,45,0.033283676,118997569.1,8,1895.55,697.1219512
20201002,10528.28,77.94,41,0.034602761,132191923.5,8,1906.4,627.1617647
20201003,10554.885,29.1,40,0.032624789,146556417.6,8,1566.42,576.7880795
20201004,10617.22,31.4,42,0.037390022,151827559.7,8,1564.23,547.6202532
20201005,10713.65,48.86,42,0.034949525,137159265.4,8,1899.65,617.1071429
20201006,10667.49,69.07,47,0.03862245,124208548.6,8,1912.5,668.0153846
20201007,10617.085,49.27,43,0.034651033,147141227.3,8,1888,561.8013245
20201008,10749.31,79.78,46,0.035346981,155164172.8,8,1891.35,542.2407407
20201009,10974.31,70.95,48,0.034769153,135939701.3,8,1912.4,610.2323944
20201010,11271.705,65.81,53,0.042093599,137071225.5,8,1578.32,604.020979
20201011,11359.095,41.06,55,0.041529698,133997450.7,9,1593.31,617
20201012,11474.635,84.02,52,0.035042609,147522382.8,9,1919.8,567.5369128
20201013,11438.125,64.67,56,0.040128831,159150572,9,1920.8,530.1445783
20201014,11424.565,59.12,53,0.035131672,147378819.9,9,1896.45,564.9127517
20201015,11438.32,70.84,56,0.037663964,147932582.1,9,1891.7,581.3774834
20201016,11385.12,71.42,52,0.036750112,150676243.5,9,1908.2,561.0064516
20201017,11340.35,29.86,56,0.040068315,152536373.4,9,1574.56,550.5987261
20201018,11435.465,31.51,55,0.040749673,123329197.5,13,1833.7,703.675
20201019,11619.53,73.04,55,0.037175581,124604838,13,1910,705.064
20201020,11868.06,94.59,56,0.035001503,142826894.2,13,1906.35,603.9305556
20201021,12568.45,197.72,61,0.043107201,133820562.2,13,1918.95,662.0692308
20201022,12949.215,113.31,73,0.043026907,135616154,13,1916.85,633.1313869
20201023,12882.22,73.94,74,0.039636995,129458735.2,13,1910.6,661.0305344
20201024,13026.89,51.2,73,0.039998107,151226967.7,13,1680.87,565.3552632
20201025,13128.545,59.73,76,0.03582135,116523553.6,13,1774.79,742.1452991
20201026,13019.42,89.47,75,0.040101155,109452276.3,13,1901.6,779.7818182
20201027,13421.89,128.64,61,0.036053447,97644048.24,13,1898.9,878.3939394
20201028,13380.86,144.18,70,0.04037957,100107166.5,13,1896.85,864.16
20201029,13314.58,111.23,67,0.039858058,106493994.4,13,1876.85,800.7685185
20201030,13403.71,108.77,74,0.042296736,111689102,13,1875.8,768.2972973
20201031,13755.02,102.75,73,0.043379349,113018366.7,13,1667.6,771.1681416
20201101,13763.62,51.71,72,0.040569964,124626709.8,15,1667.6,689.1612903
20201102,13525.065,97.76,71,0.037442936,94512689.77,15,1886.75,910.4
20201103,13686.19,108.17,71,0.036908181,123512789.7,15,1899.85,617.7214286
20201104,13899.015,140.8,74,0.043599151,133719917.5,15,1888.55,535.9056604
20201105,14926.92,227.49,72,0.04161667,125050875.5,15,1916.8,593.2380952
20201106,15584.225,186.13,90,0.048749782,131465850,15,1947.95,564.0392157
20201107,15096.18,160.73,88,0.049343743,122996280.5,15,1536.38,586.3561644
20201108,15196.5,94.99,82,0.045526415,117363172.3,15,1544.51,628.5797101
20201109,15322.68,165.04,90,0.044809909,153944597.9,15,1957.45,471.6702703
20201110,15288.05,93.36,90,0.035254867,122827256,15,1874.9,587.8435374
20201111,15635.895,119.07,86,0.035118331,123078565.7,15,1876.2,584.707483
20201112,15912.62,165.54,87,0.040744673,133710885.7,15,1868,540.23125
20201113,16229.21,113.75,89,0.035421889,116059079.1,15,1878.2,621.7266187
20201114,16027.45,83.64,90,0.035653269,120261163.5,15,1516.27,605.9084507
20201115,15976.425,58.43,86,0.032529826,125701635.7,21,1516.27,577.4
20201116,16377.125,118.09,90,0.033397871,138269308.3,21,1892.6,536.43125
20201117,17210.435,175.87,86,0.041927567,138880472.9,21,1885.4,552.3057325
20201118,17863.505,233.43,91,0.049254087,147839540.4,21,1877.2,515.8934911
20201119,17768.975,135.94,94,0.044728114,122470303.6,21,1857.4,630.9854015
20201120,18289.47,134.42,86,0.041335414,149283515.7,21,1867,514.4642857
20201121,18662.59,108.91,91,0.042375845,148286728.1,21,1727.6,508.6863905
20201122,18196.365,121.76,94,0.04668239,152675060.6,24,1851.69,495.2643678
20201123,18386.085,127.35,90,0.044074767,129230450.5,24,1863.8,587.9319728
20201124,18768.635,180.79,88,0.044343494,118259857.7,24,1818.1,639.4338235
20201125,19004.35,146.12,94,0.042214274,135492759.1,24,1808.55,556.0387097
20201126,17588.84,312.07,93,0.064442806,132051350.6,24,1814.85,571.6866667
20201127,16970.995,138.8,86,0.054422481,137731500,24,1808.05,560.4675325
20201128,17394.475,95.2,87,0.04797913,135453399.6,24,1724.59,565.4025974
20201129,17945.395,79.12,89,0.047513578,135455041.4,20,1738.23,576.6933333
20201130,19024.63,185.59,88,0.049866989,106744903.7,20,1771.95,766.2654867
20201201,19052.98,208.72,95,0.055762379,145832294.2,20,1796.2,564.205298
20201202,18843.58,91.92,92,0.052195666,131246360.6,20,1832.95,656.8320611
20201203,19248.305,99.97,92,0.044068902,148845920.1,20,1834.8,558.1401274
20201204,19072.705,110.63,92,0.042407227,136252489.6,20,1839.3,600.9097222
20201205,18846.66,59.44,93,0.042726792,137229819.4,20,1819.21,596.1805556
20201206,19151.605,54.56,95,0.041649781,129879829.5,16,1824.67,636.75
20201207,19160.74,61.98,94,0.037621072,141929931.2,16,1832.8,578.4
20201208,18761.345,101.41,95,0.038446789,137731015.8,16,1864.5,598.6458333
20201209,18154.195,129.72,86,0.046594043,132766047.9,16,1859.8,621.8201439
20201210,18237.44,85.31,94,0.042314861,124191616.9,16,1834.2,663.9461538
20201211,17946.615,111.53,89,0.041876042,132051021.7,16,1833.65,623.1956522
20201212,18490.915,71.37,90,0.03546558,129573784.3,16,1737.63,646.0378788
20201213,19074.16,82.45,91,0.035777505,150739053.7,26,1809.76,557.3205128
20201214,19170.41,67.11,95,0.030910129,134421060.3,26,1820.25,602.4275862
20201215,19306.645,98.39,91,0.031946093,130266223,26,1844.3,616.3071429
20201216,20413.61,199.81,92,0.040729085,133288021.6,26,1861.35,606.8181818
20201217,22469.695,310.74,92,0.05915123,121567122.4,26,1871.95,663
20201218,22808.705,131.8,95,0.051180187,146653978.8,26,1878.95,550.6369427
20201219,23434.77,133.88,93,0.046306453,148003560.3,26,1872.23,550.2594937
20201220,23673.94,114.09,92,0.046685196,140904415.3,27,1872.23,567.8211921
20201221,23046.805,154.69,92,0.053816714,126187206.3,27,1869.25,639.0808824
20201222,23105.745,130.75,88,0.047964545,132082061,27,1873.3,606.6223776
20201223,23362.175,178.47,93,0.048829494,146014564.8,27,1867.1,548.8116883
20201224,23247.505,104.59,86,0.050653039,117032358.6,27,1872.55,697.5634921
20201225,24097.035,2.4,94,0.050883681,136008186,27,1872.23,599.9444444
20201226,25637.44,155.77,93,0.051841647,128678888.7,27,1872.88,629.6423358
20201227,27073.02,231.23,91,0.057593952,137488787.7,40,1876.44,587.3378378
20201228,26773.795,126.98,92,0.049191954,147717816.4,40,1876.44,538.675
20201229,26623.925,119.57,91,0.039920325,140478190,40,1873.9,568.8157895
20201230,28175.145,159.82,91,0.040987916,159036418.1,40,1877.55,501.5116279
20201231,28629.4,136.69,95,0.045982447,155538636.8,40,1891.1,522.0843373
20210101,29207.27,100.9,94,0.053934398,137373667.2,40,1879.89,581.5135135
20210102,31146.775,240.87,94,0.057393639,139604774.1,40,1864.73,572.8211921
20210103,33399.965,155.21,93,0.065197343,148896964.2,66,1875.08,540.5126582
20210104,31057.995,255.27,94,0.065165704,159433735.3,66,1930.8,504.6300578
20210105,32236.365,202.13,93,0.050361048,145480492.2,66,1946.55,548.9426752
20210106,35188.98,227.56,95,0.058000691,165943126.3,66,1957.2,482.2033898
20210107,38352.94,249.6,91,0.079429182,154599911.1,66,1911.05,522.1666667
20210108,39302.735,251.29,93,0.084252466,139558883,66,1891.3,581.027027
20210109,40092.045,128.42,93,0.070189347,135740867.8,66,1852.56,618.0935252
20210110,38355.765,215.78,94,0.07585734,163023206.2,64,1852.54,545.7610063
20210111,34287.41,251.04,90,0.111358371,158899729.1,64,1847.8,560.1818182
20210112,34571.63,241.93,84,0.087588047,152161293.8,64,1861.85,584.7905405
20210113,35107.78,209.93,78,0.072530068,156075398.1,64,1852.4,569.4144737
20210114,38422.66,172.4,83,0.059686706,150610093.4,64,1840.25,589.8503401
20210115,37045.81,118.42,88,0.067420312,162947839.8,64,1853.85,545.7096774
20210116,36669.16,137.02,84,0.069840695,152326897.9,64,1835.43,591.5510204
20210117,35357.75,126.82,79,0.077013197,137960899,41,1872.8,655.6766917
20210118,36106.82,111.52,79,0.0715418,148425846.6,41,1833.95,596.4344828
20210119,36892.405,79.11,80,0.058885635,153253758.8,41,1843.1,579.8389262
20210120,34964.775,153.61,78,0.067453413,147331236,41,1854.6,604.2553191
20210121,32843.37,253.27,75,0.082403136,135865969.8,41,1867.65,676.1317829
20210122,31337.345,243.09,40,0.079201387,151725844.6,41,1853.6,591.6099291
20210123,32457.44,100.7,74,0.069893614,162699189.3,41,1872.53,577.2884615
20210124,32024.275,88.21,70,0.063204797,143287605.3,38,1872.13,621.0431655
20210125,33409.135,142.43,74,0.06626485,145224554.7,38,1855.6,613.9214286
20210126,31898.43,139.84,71,0.073088251,168253849.5,38,1853.2,537
20210127,30908.39,194.35,78,0.075021632,146373664.6,38,1846.4,611.7535211
20210128,31893.225,167.39,55,0.066018952,154819795.2,38,1839.65,589.2137931
20210129,35313.79,297.73,77,0.088756842,156871309.7,38,1852.7,575.1776316
20210130,33882.075,128.57,76,0.077013236,142434786.9,38,1854.03,633.3676471
20210131,33297.89,101.92,78,0.061147578,149173652.5,34,1875.08,599.9236111
20210201,33527.29,126.32,77,0.064166538,128856710.7,34,1857.8,694.0762712
20210202,34731.975,120.85,76,0.062942272,157998286.4,34,1847.1,591.2091503
20210203,36559.26,131.03,78,0.059168936,154522511.7,34,1834.7,576.9866667
20210204,37470.54,151.44,80,0.06219439,167960612.5,34,1811.55,537.89375
20210205,37485.21,100.6,81,0.060061666,178526344.4,34,1808.55,506.8579882
20210206,39618.535,156.02,84,0.058307846,169264948.4,34,1852.54,549.7106918
20210207,38564.875,125.37,86,0.065917063,166003217.8,59,1852.54,554.0320513
20210208,42335.345,248.47,83,0.059839902,175172136.1,59,1811.65,525.7098765
20210209,46630.525,193.87,95,0.057553122,151829549.5,59,1846.55,613.6293706
20210210,45546.925,151.83,92,0.058090402,157561038.1,59,1843.45,587.2237762
20210211,46348.735,145.77,93,0.058630948,138302901.3,59,1841.7,685.5891473
20210212,47587.42,133.73,92,0.057908477,151423354.1,59,1818,608.8098592
20210213,47231.325,89.42,92,0.059539137,167526358.7,59,1785,548.7388535
20210214,48369.655,106.5,95,0.059737107,163714742.9,58,1774.65,562.9797297
20210215,47470.87,123.18,93,0.059255773,166939647.9,58,1817.45,589.9539474
20210216,48815.08,141.37,95,0.058104272,129869316.7,58,1823.45,716.8099174
20210217,50795.2,140.03,95,0.052880462,147435519.3,58,1788.85,620.6376812
20210218,51712.705,94.35,91,0.044899893,147589490.1,58,1782.8,630.1094891
20210219,53548.96,139.43,93,0.045297661,164643584.4,58,1773.75,568.9084967
20210220,55834.385,127.85,91,0.057003889,157008925.5,58,1730.1,593.0479452
20210221,56932.41,87.26,91,0.049328623,156887652.7,62,1728.89,598.106383
20210222,52867.525,244.95,94,0.068467421,149202118.3,62,1798.8,648.0526316
20210223,49573.87,315.07,94,0.086710213,137137197.9,62,1809.5,696.8503937
20210224,49207.55,153.75,76,0.066137413,172043961,62,1807.25,544.6352201
20210225,49407.61,83.22,79,0.062241892,168209981.6,62,1792.1,552.6025641
20210226,46295.92,189.41,55,0.078742832,150894914.5,62,1765.1,621.5251799
20210227,46713.32,98.75,56,0.068832571,169608870.3,62,1803.55,549.4649682
20210228,44853.91,135.08,55,0.067454478,142167376.1,41,1821.69,660.8625954
20210301,47435.59,137.52,38,0.058656993,142388874,41,1746.95,655.2790698
20210302,48659.49,102.1,78,0.061185507,155858645.6,41,1728.5,606.041958
20210303,50401.015,44.93,78,0.057740054,163390179.5,41,1727.05,567.9671053
20210304,49654.78,9.56,84,0.063543449,138868686.4,41,1710.05,673.6875
20210305,47889.31,113.64,77,0.06360703,161704257.1,41,1696.05,580.6912752
20210306,48142.195,66.66,77,0.057854295,162497758.8,41,1776.69,565.2828947
20210307,50174.17,82.91,76,0.053905288,156730413.3,41,1745.98,594.8972603
20210308,50874.585,68.14,81,0.057429722,164845354.2,41,1694.45,556.9483871
20210309,53411.455,114.06,81,0.053640804,150609058.7,41,1702.85,612.4571429
20210310,55225.465,140.96,68,0.056049773,160735058.9,41,1711.5,579.966443
20210311,56228.71,129.63,73,0.055479232,144155320.6,41,1736.35,641.1742424
20210312,56579.63,116.96,70,0.057451065,164241520.1,41,1703.85,578.76
20210313,58926.235,134.64,74,0.052188841,153216249.5,41,1722.86,616.6153846
20210314,60327.805,80.29,78,0.051770358,167677887.1,41,1722.86,549.3375796
20210315,57723.425,117.71,76,0.057605368,158233100.9,41,1727.9,586.3108108
20210316,55102.585,128.51,71,0.05824928,160125298.6,41,1732.3,573.1879195
20210317,56565.695,118.26,71,0.056667185,145214303.6,41,1736.95,641.5073529
